snapshot_hour_utc,game_id,position,user_login,viewer_count,language,started_at
2026-09-01T05,509658,1,maximilian_dood,6603,en,2026-09-01T04:07:07Z
2026-09-01T05,509658,2,silky,4482,en,2026-09-01T04:09:44Z
2026-09-01T05,509658,3,yugi,4098,en,2026-08-31T23:31:02Z
2026-09-01T05,1898040946,1,caseoh_,61292,en,2026-09-01T02:03:25Z
2026-09-01T05,1898040946,2,facada,1606,pt,2026-09-01T01:25:08Z
2026-09-01T05,1898040946,3,keemsama_,1479,en,2026-09-01T04:09:32Z
2026-09-01T05,491931,1,theburntpeanut,35483,en,2026-09-01T00:16:04Z
2026-09-01T05,491931,2,gingy,3160,en,2026-08-31T21:59:56Z
2026-09-01T05,491931,3,desmondpilak,1262,en,2026-09-01T01:49:19Z
2026-09-01T05,18122,1,teamliquid,10395,en,2026-08-31T07:38:36Z
2026-09-01T05,18122,2,maximum,10053,en,2026-08-31T17:06:20Z
2026-09-01T05,18122,3,asmongold247,2453,en,2026-08-31T22:19:47Z
2026-09-01T05,602040818,1,lacy,13446,en,2026-09-01T01:07:13Z
2026-09-01T05,602040818,2,joeknowsyt,2417,en,2026-08-31T18:48:10Z
2026-09-01T05,602040818,3,lockintj,1281,en,2026-08-31T15:26:04Z
2026-09-01T05,21779,1,pikabooirl,2675,en,2026-09-01T00:38:27Z
2026-09-01T05,21779,2,viper,1247,en,2026-08-31T23:43:05Z
2026-09-01T05,21779,3,lourlo,1145,en,2026-09-01T02:01:06Z
2026-09-01T05,509672,1,fanum,8025,en,2026-08-31T20:40:24Z
2026-09-01T05,509672,2,evelynomadera,4164,en,2026-08-31T23:09:24Z
2026-09-01T05,509672,3,yurnboi,2647,en,2026-08-31T23:12:18Z
2026-09-01T05,1478650472,1,xqc,17915,en,2026-09-01T00:39:52Z
2026-09-01T05,1478650472,2,zoomaa,1905,en,2026-08-31T22:41:40Z
2026-09-01T05,1478650472,3,redify,785,en,2026-08-31T23:34:47Z
2026-09-01T05,32982,1,moistcr1tikal,5249,en,2026-09-01T03:12:26Z
2026-09-01T05,32982,2,dgthe99,2038,en,2026-09-01T01:40:40Z
2026-09-01T05,32982,3,sosag0crazy,1497,en,2026-08-31T05:34:18Z
2026-09-01T05,516575,1,florescent,1911,en,2026-09-01T02:43:33Z
2026-09-01T05,516575,2,paroniie,1811,zh,2026-09-01T03:13:34Z
2026-09-01T05,516575,3,eggsterr,1212,en,2026-08-31T23:17:31Z
2026-09-01T05,27471,1,michaelreeves,6151,en,2026-09-01T03:53:19Z
2026-09-01T05,27471,2,ikalazar_,4635,en,2026-08-31T23:00:09Z
2026-09-01T05,27471,3,masayoshi,3278,en,2026-08-31T23:10:59Z
2026-09-01T05,33214,1,goatr2,819,en,2026-09-01T01:48:50Z
2026-09-01T05,33214,2,loserfruit,634,en,2026-09-01T03:01:41Z
2026-09-01T05,33214,3,typicalgamer,614,en,2026-09-01T01:01:34Z
2026-09-01T05,1264310518,1,kingsman265_twitch,2238,en,2026-08-31T23:36:03Z
2026-09-01T05,1264310518,2,esskayuwu,1532,en,2026-09-01T01:51:17Z
2026-09-01T05,1264310518,3,skermz,1389,en,2026-09-01T03:24:40Z
2026-09-01T05,513143,1,boxbox,4020,en,2026-08-31T23:52:22Z
2026-09-01T05,513143,2,dishsoap,2424,en,2026-09-01T00:04:17Z
2026-09-01T05,513143,3,greentea,2123,zh,2026-09-01T02:12:26Z
2026-09-01T05,491487,1,momoseventh,1279,en,2026-09-01T02:20:27Z
2026-09-01T05,491487,2,darkmoonknit,830,pt,2026-09-01T00:54:48Z
2026-09-01T05,491487,3,delt4forc3,402,es,2026-09-01T01:05:59Z
2026-09-01T05,32399,1,fer,1302,pt,2026-09-01T00:27:58Z
2026-09-01T05,32399,2,cozart_2s1,720,ru,2026-09-01T01:41:37Z
2026-09-01T05,32399,3,domm1_,658,pt,2026-09-01T02:51:30Z
2026-09-01T05,511224,1,batora324,4887,ja,2026-09-01T03:50:12Z
2026-09-01T05,511224,2,cloudyatnight,629,en,2026-09-01T01:34:18Z
2026-09-01T05,511224,3,snip3down,416,en,2026-09-01T01:44:21Z
2026-09-01T05,509659,1,kittyflutevt,1865,en,2026-09-01T03:20:25Z
2026-09-01T05,509659,2,sunsetgaiaasmr,1728,en,2026-09-01T02:01:37Z
2026-09-01T05,509659,3,nyhvt,1306,en,2026-09-01T03:07:51Z
2026-09-01T05,498566,1,hojuxohip,2282,pt,2026-08-31T08:44:01Z
2026-09-01T05,498566,2,synare35,2175,en,2026-08-31T08:44:11Z
2026-09-01T05,498566,3,rollenblitz,1582,de,2026-08-31T19:19:13Z
2026-09-01T05,31339,1,smoke,2397,en,2026-08-31T21:42:34Z
2026-09-01T05,31339,2,strippin,1762,en,2026-08-31T15:32:33Z
2026-09-01T05,31339,3,juniperactias,1382,en,2026-09-01T00:16:36Z
2026-09-01T05,499973,1,jynxzi247,1474,en,2026-08-30T20:18:30Z
2026-09-01T05,499973,2,cineillojuan,1174,es,2026-09-01T00:17:57Z
2026-09-01T05,499973,3,streamfrei,759,de,2026-08-30T22:55:04Z
2026-09-01T05,515025,1,warn,946,en,2026-08-31T22:48:18Z
2026-09-01T05,515025,2,harbleu,732,en,2026-08-31T09:20:06Z
2026-09-01T05,515025,3,fareeha,636,en,2026-09-01T00:54:29Z
2026-09-01T05,29595,1,mariachi,1430,ru,2026-08-31T21:27:23Z
2026-09-01T05,29595,2,andreyimmersion_dota2,1084,ru,2026-08-31T13:15:29Z
2026-09-01T05,29595,3,ns_art,1001,pt,2026-08-31T21:53:14Z
2026-09-01T05,458353,1,moonmoon,10466,en,2026-08-31T22:25:03Z
2026-09-01T05,458353,2,dolphinchemist,1166,en,2026-09-01T02:55:25Z
2026-09-01T05,458353,3,profesorteto,33,es,2026-09-01T00:23:16Z
2026-09-01T05,29452,1,dizedi71,2279,pt,2026-08-31T08:43:40Z
2026-09-01T05,29452,2,vijomyhe5,2162,pt,2026-08-31T08:50:51Z
2026-09-01T05,29452,3,burgaofps,1076,pt,2026-09-01T03:30:40Z
2026-09-01T05,26936,1,jonlimusic,2388,en,2026-09-01T00:00:13Z
2026-09-01T05,26936,2,kelo,1640,en,2026-09-01T00:36:23Z
2026-09-01T05,26936,3,windowlightfm,262,en,2026-08-31T16:11:42Z
2026-09-01T05,511399,1,aurateur,1339,en,2026-09-01T03:05:14Z
2026-09-01T05,511399,2,notoxic8,194,es,2026-09-01T01:43:21Z
2026-09-01T05,511399,3,david_nez,86,es,2026-09-01T04:33:41Z
2026-09-01T05,509660,1,traitorjo,985,en,2026-09-01T03:44:03Z
2026-09-01T05,509660,2,blairevt,704,en,2026-09-01T02:06:26Z
2026-09-01T05,509660,3,iti63,249,fr,2026-08-31T19:04:07Z
2026-09-01T05,512710,1,diazbiffle,2231,en,2026-08-31T23:10:16Z
2026-09-01T05,512710,2,aidanbeans,557,en,2026-09-01T03:28:39Z
2026-09-01T05,512710,3,lindsfry,274,en,2026-09-01T02:37:30Z
2026-09-01T05,512953,1,thatsthefeesh,2309,en,2026-09-01T03:27:53Z
2026-09-01T05,512953,2,peeve,727,en,2026-09-01T00:03:11Z
2026-09-01T05,512953,3,paigethewitch,507,en,2026-09-01T03:20:15Z
2026-09-01T05,27284,1,rurika,612,en,2026-09-01T02:00:26Z
2026-09-01T05,27284,2,protonjon,573,en,2026-09-01T02:41:13Z
2026-09-01T05,27284,3,patty,414,en,2026-09-01T04:12:26Z
2026-09-01T05,65876,1,summit1g,5726,en,2026-09-01T00:03:33Z
2026-09-01T05,65876,2,fobm4ster,1188,en,2026-08-31T22:31:34Z
2026-09-01T05,65876,3,yuimuma,104,en,2026-08-31T19:04:54Z
2026-09-01T05,488662,1,supertf,5674,en,2026-09-01T00:15:53Z
2026-09-01T05,2132205352,1,eido,1432,en,2026-08-31T21:19:50Z
2026-09-01T05,2132205352,2,eskay,822,en,2026-08-31T21:23:51Z
2026-09-01T05,2132205352,3,wanderdl,494,en,2026-09-01T00:52:32Z
2026-09-01T05,417528,1,tealzlol,1109,pt,2026-09-01T00:39:39Z
2026-09-01T05,417528,2,t666ommy,736,en,2026-08-31T21:02:07Z
2026-09-01T05,417528,3,whithblade,672,es,2026-09-01T00:36:32Z
2026-09-01T05,23020,1,clout,1205,en,2026-08-31T01:16:30Z
2026-09-01T05,23020,2,gamstergaming,446,es,2026-09-01T04:02:34Z
2026-09-01T05,23020,3,cochard,219,en,2026-08-31T20:35:00Z
2026-09-01T05,499634,1,layertwox,2832,en,2026-08-31T09:30:31Z
2026-09-01T05,499634,2,dvces,1639,en,2026-08-31T12:38:12Z
2026-09-01T05,499634,3,insentos,416,en,2026-09-01T03:39:14Z
2026-09-01T05,674491029,1,fairlight_excalibur,1354,en,2026-09-01T00:10:08Z
2026-09-01T05,674491029,2,matimi0,1144,en,2026-09-01T01:04:08Z
2026-09-01T05,674491029,3,covent,285,en,2026-08-31T23:59:00Z
2026-09-01T05,884569009,1,pattymeza,5239,es,2026-09-01T03:11:50Z
2026-09-01T05,884569009,2,smeepsx,150,en,2026-09-01T03:12:48Z
2026-09-01T05,884569009,3,nathanmad77,59,pt,2026-09-01T02:39:44Z
2026-09-01T05,513181,1,zy0xxx,2066,en,2026-09-01T04:38:55Z
2026-09-01T05,513181,2,putupau,962,es,2026-08-31T22:05:10Z
2026-09-01T05,513181,3,tuonto,376,en,2026-09-01T04:09:22Z
2026-09-01T05,1832841853,1,nezba,810,en,2026-09-01T00:17:14Z
2026-09-01T05,1832841853,2,pixienaut,566,de,2026-09-01T00:22:17Z
2026-09-01T05,1832841853,3,etozhegulman,532,ru,2026-08-31T21:35:54Z
2026-09-01T05,24241,1,patstaresat,606,en,2026-09-01T01:43:27Z
2026-09-01T05,24241,2,hinabobina,516,en,2026-09-01T02:00:48Z
2026-09-01T05,24241,3,melizande,429,en,2026-09-01T02:08:12Z
2026-09-01T05,464339927,1,lyric,1094,en,2026-08-31T23:19:21Z
2026-09-01T05,464339927,2,lyesval,401,en,2026-09-01T03:26:48Z
2026-09-01T05,464339927,3,angeloniquan,297,en,2026-09-01T04:13:56Z
2026-09-01T05,106565812,1,vinesauce,5069,en,2026-09-01T00:43:22Z
2026-09-01T05,106565812,2,gremlin,120,ru,2026-09-01T02:11:37Z
2026-09-01T05,138585,1,zorgo_hs,1129,en,2026-08-31T22:26:50Z
2026-09-01T05,138585,2,asmodaitv,1095,en,2026-09-01T00:48:00Z
2026-09-01T05,138585,3,pizzahs,449,en,2026-08-31T21:58:15Z
2026-09-01T05,1036710512,1,dmf_kyochan,2270,ja,2026-08-31T15:10:23Z
2026-09-01T05,1036710512,2,yunocy,803,ja,2026-09-01T02:02:26Z
2026-09-01T05,1036710512,3,kantasy,83,en,2026-09-01T02:19:41Z
2026-09-01T05,272263131,1,alveussanctuary,1627,en,2026-08-31T13:31:17Z
2026-09-01T05,272263131,2,ferretsoftware,339,en,2026-08-31T22:56:46Z
2026-09-01T05,272263131,3,marinemammalrescue,247,en,2026-08-31T23:13:06Z
2026-09-01T05,386821,1,sqpig,745,en,2026-09-01T03:50:04Z
2026-09-01T05,386821,2,triskaltv,278,pt,2026-08-31T18:34:42Z
2026-09-01T05,386821,3,trollzinha,269,pt,2026-08-31T05:22:38Z
2026-09-01T05,1669431183,1,jessu,983,en,2026-09-01T01:54:21Z
2026-09-01T05,1669431183,2,eliciamartin,212,en,2026-09-01T00:33:52Z
2026-09-01T05,1669431183,3,k3mmy,195,en,2026-09-01T01:09:55Z
2026-09-01T05,499003,1,roflgator,1302,en,2026-09-01T02:01:00Z
2026-09-01T05,499003,2,crazymangovr,575,en,2026-09-01T01:35:22Z
2026-09-01T05,499003,3,mikamoonlight,571,en,2026-09-01T01:34:12Z
2026-09-01T05,1441208453,1,xolotv90,505,en,2026-09-01T03:58:46Z
2026-09-01T05,1441208453,2,ooo_virgo_ooo,286,en,2026-08-31T23:22:30Z
2026-09-01T05,1441208453,3,dizzmala,126,en,2026-09-01T03:00:20Z
2026-09-01T05,498592,1,zchum,640,en,2026-08-31T23:23:06Z
2026-09-01T05,498592,2,corgicam,454,en,2026-08-30T13:08:31Z
2026-09-01T05,498592,3,elcalvolol,238,es,2026-08-31T10:53:35Z
2026-09-01T05,19619,1,antedeguemonn,377,pt,2026-08-31T13:22:44Z
2026-09-01T05,19619,2,hardparadox,298,pt,2026-08-31T16:19:48Z
2026-09-01T05,19619,3,saegusinha,190,pt,2026-08-31T08:38:45Z
2026-09-01T05,66082,1,jankyrondo,770,en,2026-08-31T22:32:58Z
2026-09-01T05,66082,2,jall,380,en,2026-09-01T01:46:34Z
2026-09-01T05,66082,3,heyyvance,333,en,2026-09-01T04:14:21Z
2026-09-01T05,493057,1,chrismelberger,706,en,2026-08-31T21:34:44Z
2026-09-01T05,493057,2,julien,650,en,2026-08-31T23:36:21Z
2026-09-01T05,493057,3,whatifjulia,626,en,2026-08-31T23:24:09Z
2026-09-01T05,460951,1,doggie,3105,en,2026-09-01T02:39:18Z
2026-09-01T05,460951,2,aceahbase,224,en,2026-09-01T03:08:49Z
2026-09-01T05,460951,3,churbisgd,52,en,2026-09-01T00:39:44Z
2026-09-01T05,13332,1,arex,729,en,2026-09-01T00:58:50Z
2026-09-01T05,13332,2,bluekandy,576,en,2026-09-01T00:54:41Z
2026-09-01T05,13332,3,twitchplayspokemon,406,en,2026-08-31T19:35:06Z
2026-09-01T05,1702520304,1,datmodz,1343,en,2026-08-31T22:21:39Z
2026-09-01T05,1702520304,2,cutedog_,894,en,2026-09-01T02:02:52Z
2026-09-01T05,1702520304,3,carn_,355,en,2026-09-01T00:28:25Z
2026-09-01T05,460630,1,skyte,191,en,2026-09-01T02:44:33Z
2026-09-01T05,460630,2,ryonravoli,152,en,2026-09-01T02:26:37Z
2026-09-01T05,460630,3,elobum,126,en,2026-09-01T02:21:22Z
2026-09-01T05,670138298,1,dubdot,1035,other,2026-08-31T23:59:51Z
2026-09-01T05,670138298,2,vohes13,313,en,2026-09-01T01:08:02Z
2026-09-01T05,670138298,3,problemwright,267,en,2026-08-31T22:31:33Z
2026-09-01T05,27546,1,german_intelligence,1416,en,2026-08-31T21:17:22Z
2026-09-01T05,27546,2,o_p_hacker,565,en,2026-08-31T22:21:58Z
2026-09-01T05,27546,3,rysiek,483,pl,2026-08-31T20:29:19Z
2026-09-01T05,624536948,1,bahiaqz,422,pt,2026-08-31T23:23:19Z
2026-09-01T05,624536948,2,bugs,317,en,2026-09-01T04:00:38Z
2026-09-01T05,624536948,3,gohannfps,98,pt,2026-09-01T04:15:51Z
2026-09-01T05,1129937420,1,willneff,2951,en,2026-08-31T23:31:25Z
2026-09-01T05,1129937420,2,thicctex,3,en,2026-09-01T00:52:07Z
2026-09-01T05,1129937420,3,strokediesel,2,en,2026-09-01T04:26:23Z
2026-09-01T05,30921,1,tawk,360,en,2026-09-01T01:26:37Z
2026-09-01T05,30921,2,elomarmaton,166,en,2026-09-01T01:17:33Z
2026-09-01T05,30921,3,bluscr3n,143,en,2026-09-01T03:12:33Z
2026-09-01T05,263490,1,finbeastmodeee,584,fi,2026-09-01T04:18:52Z
2026-09-01T05,263490,2,iriskpvp,270,en,2026-09-01T01:00:15Z
2026-09-01T05,263490,3,cava111,190,it,2026-08-31T19:37:34Z
2026-09-01T05,459931,1,triumphant,384,en,2026-08-31T23:46:34Z
2026-09-01T05,459931,2,flash,238,en,2026-09-01T01:08:15Z
2026-09-01T05,459931,3,tpapaslice,226,en,2026-08-31T20:38:30Z
2026-09-01T05,55453844,1,brawlpro,634,en,2026-09-01T00:16:04Z
2026-09-01T05,55453844,2,suzukinoriaki,553,ja,2026-09-01T02:54:15Z
2026-09-01T05,55453844,3,kawanochannn,429,ja,2026-09-01T04:39:10Z
2026-09-01T05,490655,1,j0beats,397,en,2026-08-31T18:04:30Z
2026-09-01T05,490655,2,keibrongameryt,311,es,2026-08-30T15:38:01Z
2026-09-01T05,490655,3,badgecollectordrops,279,en,2026-09-01T04:26:46Z
2026-09-01T05,543818421,1,tonton,1514,fr,2026-09-01T02:50:04Z
2026-09-01T05,543818421,2,dunc,390,en,2026-09-01T04:01:22Z
2026-09-01T05,543818421,3,buckfoozle,150,en,2026-09-01T02:49:18Z
2026-09-01T05,502829,1,r2cronus,985,ru,2026-08-30T20:38:01Z
2026-09-01T05,502829,2,r2onlineru,788,ru,2026-08-30T11:37:25Z
2026-09-01T05,502829,3,r2rage,95,ru,2026-08-31T12:53:53Z
2026-09-01T05,1081998272,1,oniimely,206,en,2026-09-01T02:24:37Z
2026-09-01T05,1081998272,2,whisqey,190,en,2026-09-01T00:39:24Z
2026-09-01T05,1081998272,3,alicekasuky,86,en,2026-08-30T18:36:11Z
2026-09-01T05,168648543,1,zwebackhd,492,en,2026-08-31T22:25:36Z
2026-09-01T05,168648543,2,rglqq,272,en,2026-08-31T21:34:50Z
2026-09-01T05,168648543,3,wolfbrink,168,en,2026-09-01T04:12:48Z
2026-09-01T05,1196356222,1,pge4,2140,en,2026-08-31T21:54:25Z
2026-09-01T05,1196356222,2,lifedestroyersan,5,en,2026-08-31T23:14:48Z
2026-09-01T05,1196356222,3,shudonnie,4,en,2026-09-01T00:01:24Z
2026-09-01T05,519291,1,kaise,1937,en,2026-09-01T01:03:02Z
2026-09-01T05,519291,2,lov3tera,23,en,2026-09-01T01:03:40Z
2026-09-01T05,519291,3,aricin,13,en,2026-09-01T04:04:09Z
2026-09-01T05,172843237,1,grimmi,2036,en,2026-09-01T01:29:43Z
2026-09-01T05,1282866981,1,aplus0v0,183,zh,2026-09-01T02:04:31Z
2026-09-01T05,1282866981,2,albralelie,175,en,2026-09-01T00:47:32Z
2026-09-01T05,1282866981,3,drewd0g,142,en,2026-09-01T03:03:33Z
2026-09-01T05,509508,1,niftski,1897,en,2026-09-01T00:41:27Z
2026-09-01T05,509508,2,supersonic_,43,en,2026-09-01T01:25:30Z
2026-09-01T05,509508,3,knuckl3s16,5,en,2026-09-01T04:00:24Z
2026-09-01T05,509667,1,amablitz,1600,es,2026-09-01T02:53:06Z
2026-09-01T05,509667,2,beststreetfood,74,en,2026-08-31T13:15:36Z
2026-09-01T05,509667,3,lordtocs,40,en,2026-09-01T01:57:28Z
2026-09-01T05,509663,1,bootherat,328,en,2026-09-01T00:31:25Z
2026-09-01T05,509663,2,banthony,250,en,2026-08-31T22:09:00Z
2026-09-01T05,509663,3,garek,190,en,2026-08-31T20:05:52Z
2026-09-01T05,493959,1,tehjamjar,264,en,2026-08-31T23:59:12Z
2026-09-01T05,493959,2,amacky,63,en,2026-09-01T02:52:00Z
2026-09-01T05,493959,3,niwnah,61,it,2026-08-31T20:38:19Z
2026-09-01T05,500188,1,khalamity,446,en,2026-08-31T23:44:34Z
2026-09-01T05,500188,2,toonafeesh,92,en,2026-09-01T00:07:31Z
2026-09-01T05,500188,3,sentokis,82,ru,2026-09-01T04:18:55Z
2026-09-01T05,66170,1,brozime,254,en,2026-09-01T01:25:15Z
2026-09-01T05,66170,2,snootydeath,198,en,2026-09-01T00:10:24Z
2026-09-01T05,66170,3,dknightx91,98,en,2026-09-01T02:35:57Z
2026-09-01T05,509511,1,sandyjackson,285,de,2026-08-31T22:27:32Z
2026-09-01T05,509511,2,zim2325,129,en,2026-08-31T22:24:26Z
2026-09-01T05,509511,3,caracolive,117,pt,2026-09-01T01:51:43Z
2026-09-01T05,116747788,1,woojungx4,1206,ko,2026-08-30T17:06:56Z
2026-09-01T05,116747788,2,kristenlanae,138,en,2026-08-31T01:00:49Z
2026-09-01T05,116747788,3,sparklyboo69,97,en,2026-08-30T08:14:02Z
2026-09-01T05,1267086599,1,uhn,1711,en,2026-09-01T01:59:57Z
2026-09-01T05,7022,1,gronkhtv,1579,de,2026-08-30T21:11:31Z
2026-09-01T05,7022,2,nanaei_owo,11,en,2026-09-01T04:50:14Z
2026-09-01T05,7022,3,kayrosms,7,es,2026-09-01T04:26:03Z
2026-09-01T05,401587136,1,gl40labsrat,225,en,2026-09-01T00:59:41Z
2026-09-01T05,401587136,2,kassshiro,178,ru,2026-09-01T04:16:05Z
2026-09-01T05,401587136,3,bk_cheeks,110,en,2026-09-01T03:11:43Z
2026-09-01T05,65632,1,house,490,en,2026-09-01T01:07:16Z
2026-09-01T05,65632,2,nikolaibullcry,122,en,2026-09-01T02:23:23Z
2026-09-01T05,65632,3,kyuubitheog,83,en,2026-09-01T03:03:29Z
2026-09-01T05,19976,1,bean_0924,189,zh,2026-09-01T02:00:04Z
2026-09-01T05,19976,2,emmies,185,en,2026-09-01T00:02:26Z
2026-09-01T05,19976,3,misusingtv,180,en,2026-08-31T01:16:32Z
2026-09-01T05,2012789438,1,futives,227,en,2026-09-01T02:25:42Z
2026-09-01T05,2012789438,2,shonufz,101,en,2026-09-01T00:52:57Z
2026-09-01T05,2012789438,3,perfeqted,73,en,2026-09-01T04:13:17Z
2026-09-01T05,518597,1,sequisha,1451,en,2026-08-31T18:16:53Z
2026-09-01T05,518597,2,hallucinatedphoenix,92,en,2026-08-31T23:44:29Z
2026-09-01T05,518597,3,linkin250,2,ja,2026-09-01T04:25:50Z
2026-09-01T05,504463,1,streamerhouse,451,en,2026-08-30T22:12:23Z
2026-09-01T05,504463,2,jenjaminbuttons,122,en,2026-08-31T19:44:35Z
2026-09-01T05,504463,3,kackishd,122,en,2026-09-01T01:04:36Z
2026-09-01T05,10322,1,calebhart42,1312,en,2026-08-31T23:43:22Z
2026-09-01T05,10322,2,caracarnvi,108,en,2026-09-01T02:13:52Z
2026-09-01T05,10322,3,spaceytora,43,en,2026-09-01T00:14:07Z
2026-09-01T05,968234600,1,itswill,1209,en,2026-09-01T00:23:36Z
2026-09-01T05,968234600,2,loganolio,268,en,2026-09-01T01:47:50Z
2026-09-01T05,968234600,3,3a6blbalocb,15,ru,2026-08-31T16:04:59Z
2026-09-01T05,1931693784,1,mastermarkvgc,267,en,2026-09-01T01:38:18Z
2026-09-01T05,1931693784,2,polita,214,en,2026-08-31T11:08:24Z
2026-09-01T05,1931693784,3,xenoda,135,en,2026-09-01T02:50:05Z
2026-09-01T05,538054672,1,phidx,510,en,2026-09-01T02:41:44Z
2026-09-01T05,538054672,2,amour,165,en,2026-09-01T03:02:20Z
2026-09-01T05,538054672,3,joebuddentk,157,en,2026-09-01T03:56:44Z
2026-09-01T05,416015,1,mistersleepycat,682,en,2026-08-31T23:01:53Z
2026-09-01T05,416015,2,poogf01,184,zh,2026-09-01T00:58:45Z
2026-09-01T05,416015,3,retzi,95,en,2026-09-01T04:01:01Z
2026-09-01T05,518184,1,breakofdaylight,163,en,2026-09-01T00:48:00Z
2026-09-01T05,518184,2,sherlocwolf,139,en,2026-09-01T04:00:20Z
2026-09-01T05,518184,3,cin4toast,41,en,2026-09-01T02:29:36Z
2026-09-01T05,570615518,1,yaboyroshi,258,en,2026-09-01T04:55:43Z
2026-09-01T05,570615518,2,briicosplays,139,en,2026-09-01T04:06:49Z
2026-09-01T05,570615518,3,ifadedcoffee,127,en,2026-08-31T15:06:56Z
2026-09-01T05,495811,1,coldzin,1148,pt,2026-09-01T02:48:12Z
2026-09-01T05,495811,2,pootitang0069,143,en,2026-08-31T22:00:13Z
2026-09-01T05,495811,3,schrongk,27,de,2026-09-01T04:52:06Z
2026-09-01T11,509658,1,kato_junichi0817,36340,ja,2026-09-01T06:42:43Z
2026-09-01T11,509658,2,rayan_psnn,10962,fr,2026-08-30T23:35:39Z
2026-09-01T11,509658,3,k4sen,10777,ja,2026-09-01T10:33:38Z
2026-09-01T11,516575,1,kant0211,12742,zh,2026-09-01T09:58:07Z
2026-09-01T11,516575,2,ennaouii,6687,zh,2026-09-01T09:42:22Z
2026-09-01T11,516575,3,guanweiboy,3942,zh,2026-09-01T08:54:55Z
2026-09-01T11,21779,1,traytonlol,3897,fr,2026-09-01T07:25:40Z
2026-09-01T11,21779,2,ratirl,3168,en,2026-09-01T08:28:08Z
2026-09-01T11,21779,3,sardoche,3011,fr,2026-09-01T08:37:39Z
2026-09-01T11,18122,1,echo_esports,19507,en,2026-09-01T04:07:07Z
2026-09-01T11,18122,2,gingitv,4156,en,2026-09-01T05:04:35Z
2026-09-01T11,18122,3,method,3043,en,2026-09-01T04:24:50Z
2026-09-01T11,29595,1,topson,14420,en,2026-09-01T06:24:41Z
2026-09-01T11,29595,2,stariy_bog,8677,ru,2026-09-01T08:49:29Z
2026-09-01T11,29595,3,mellstroy,6941,ru,2026-09-01T09:19:31Z
2026-09-01T11,32399,1,skywhywalker,8492,ru,2026-09-01T10:41:30Z
2026-09-01T11,32399,2,hypetried,2733,ru,2026-09-01T09:56:23Z
2026-09-01T11,32399,3,blastpremier,2170,en,2026-09-01T08:39:03Z
2026-09-01T11,509672,1,fanum,8814,en,2026-08-31T20:40:24Z
2026-09-01T11,509672,2,fregepaul,5742,de,2026-08-31T14:42:08Z
2026-09-01T11,509672,3,nicistemmler,3052,de,2026-08-31T14:42:07Z
2026-09-01T11,55453844,1,capcomfighters_jp,8825,ja,2026-09-01T09:30:14Z
2026-09-01T11,55453844,2,naru0419045,6288,ja,2026-09-01T09:30:48Z
2026-09-01T11,55453844,3,haitani0904,4002,ja,2026-09-01T07:22:27Z
2026-09-01T11,511224,1,iq200yukaf,5310,ja,2026-09-01T10:47:49Z
2026-09-01T11,511224,2,spygea,3035,ja,2026-09-01T10:49:15Z
2026-09-01T11,511224,3,euriece,2939,ja,2026-09-01T05:39:45Z
2026-09-01T11,518203,1,gerardromero,9584,es,2026-09-01T09:54:26Z
2026-09-01T11,518203,2,fubonguardians_official,3357,zh,2026-09-01T08:43:17Z
2026-09-01T11,518203,3,asromalive_,1726,it,2026-09-01T11:00:21Z
2026-09-01T11,1820839024,1,fps_shaka,25668,ja,2026-09-01T10:02:11Z
2026-09-01T11,1820839024,2,bringstrue,12,en,2026-09-01T07:25:26Z
2026-09-01T11,1820839024,3,momonoeyumo,11,ja,2026-09-01T11:10:41Z
2026-09-01T11,499973,1,caedrel247,6252,en,2026-08-31T14:18:41Z
2026-09-01T11,499973,2,theburntpeanut_247,3925,en,2026-09-01T03:52:16Z
2026-09-01T11,499973,3,cohh,1341,en,2026-08-31T12:00:04Z
2026-09-01T11,27471,1,michaelreeves,6879,en,2026-09-01T03:53:19Z
2026-09-01T11,27471,2,ikalazar_,4676,en,2026-08-31T23:00:09Z
2026-09-01T11,27471,3,amaterassmp,1123,ja,2026-09-01T11:01:27Z
2026-09-01T11,2092563878,1,hiiragitsurugi,9427,ja,2026-09-01T11:04:37Z
2026-09-01T11,2092563878,2,cr_arisakaaa,6220,ja,2026-09-01T11:04:48Z
2026-09-01T11,2092563878,3,cr_vanilla,4226,ja,2026-09-01T11:04:41Z
2026-09-01T11,515025,1,jasper7se,2069,ja,2026-09-01T05:42:53Z
2026-09-01T11,515025,2,kinapoppo,1809,ja,2026-09-01T08:25:54Z
2026-09-01T11,515025,3,meltonff,1761,ja,2026-09-01T10:06:36Z
2026-09-01T11,33214,1,loeya,2016,en,2026-09-01T07:03:27Z
2026-09-01T11,33214,2,oatley,1728,en,2026-09-01T06:01:11Z
2026-09-01T11,33214,3,ache,1179,es,2026-09-01T05:00:53Z
2026-09-01T11,491931,1,glorious_e,4949,en,2026-09-01T07:13:23Z
2026-09-01T11,491931,2,tototmix,1014,ja,2026-09-01T11:13:48Z
2026-09-01T11,491931,3,dahmien7,797,fr,2026-08-31T06:07:04Z
2026-09-01T11,513143,1,reventxz,2019,es,2026-09-01T08:11:33Z
2026-09-01T11,513143,2,failverde,1997,zh,2026-09-01T09:52:18Z
2026-09-01T11,513143,3,sologesang,1370,de,2026-09-01T09:03:32Z
2026-09-01T11,32982,1,ligerop1,1064,pt,2026-09-01T10:32:55Z
2026-09-01T11,32982,2,jerzy,723,de,2026-09-01T10:27:02Z
2026-09-01T11,32982,3,xiuder_,481,it,2026-09-01T06:29:42Z
2026-09-01T11,498566,1,siegrausch,2255,de,2026-09-01T09:03:23Z
2026-09-01T11,498566,2,synare35,2191,en,2026-08-31T08:44:11Z
2026-09-01T11,498566,3,hojuxohip,2131,pt,2026-08-31T08:44:01Z
2026-09-01T11,491487,1,thejrm,1135,en,2026-09-01T10:36:42Z
2026-09-01T11,491487,2,spitzz,992,en,2026-09-01T08:59:59Z
2026-09-01T11,491487,3,littlespacerock,982,en,2026-09-01T06:32:23Z
2026-09-01T11,495064,1,gon_vl,15317,ja,2026-09-01T08:57:49Z
2026-09-01T11,1478650472,1,aurateur,975,en,2026-09-01T03:05:14Z
2026-09-01T11,1478650472,2,drifty,960,ru,2026-09-01T11:11:13Z
2026-09-01T11,1478650472,3,moonryde,947,it,2026-09-01T07:58:54Z
2026-09-01T11,509670,1,nasa,11565,en,2026-09-01T10:55:17Z
2026-09-01T11,509670,2,stardustairespace,426,fr,2026-09-01T10:43:38Z
2026-09-01T11,509670,3,daniworldpc,125,es,2026-09-01T08:55:21Z
2026-09-01T11,31339,1,fleshy,1481,en,2026-09-01T01:42:39Z
2026-09-01T11,31339,2,sunglitters,1228,en,2026-09-01T10:48:49Z
2026-09-01T11,31339,3,derhauge,1010,de,2026-09-01T07:09:36Z
2026-09-01T11,138585,1,thijs,2252,en,2026-09-01T07:51:03Z
2026-09-01T11,138585,2,rdulive,1916,en,2026-09-01T09:59:26Z
2026-09-01T11,138585,3,solaryhs,1122,fr,2026-08-31T05:05:48Z
2026-09-01T11,511195,1,yaritaiji,11444,ja,2026-09-01T10:39:24Z
2026-09-01T11,511195,2,thee_double_d,12,en,2026-09-01T10:14:53Z
2026-09-01T11,511195,3,otc_fredo28,2,en,2026-09-01T10:02:01Z
2026-09-01T11,2090279789,1,indegnasen0706,10242,ja,2026-09-01T03:11:06Z
2026-09-01T11,2090279789,2,grubkingjinjo,7,en,2026-09-01T08:00:44Z
2026-09-01T11,2090279789,3,kbtv120,3,en,2026-09-01T11:16:08Z
2026-09-01T11,417528,1,a_big_koko,1723,en,2026-09-01T06:45:02Z
2026-09-01T11,417528,2,elpelotasssss,1305,es,2026-09-01T09:58:13Z
2026-09-01T11,417528,3,patoalbion,998,pt,2026-09-01T09:58:23Z
2026-09-01T11,602040818,1,lockintj,1278,en,2026-08-31T15:26:04Z
2026-09-01T11,602040818,2,choc,1077,en,2026-09-01T03:22:34Z
2026-09-01T11,602040818,3,yann,1026,fr,2026-09-01T10:45:21Z
2026-09-01T11,1264310518,1,bezp,1207,ru,2026-09-01T11:02:45Z
2026-09-01T11,1264310518,2,m0xyy,1084,en,2026-09-01T03:41:25Z
2026-09-01T11,1264310518,3,kragiee,734,en,2026-09-01T08:20:46Z
2026-09-01T11,509660,1,dyarikku,1208,en,2026-09-01T09:17:47Z
2026-09-01T11,509660,2,traitorjo,269,en,2026-09-01T03:44:03Z
2026-09-01T11,509660,3,accidantey,233,en,2026-09-01T07:14:53Z
2026-09-01T11,27546,1,orzanel,1691,en,2026-09-01T05:20:12Z
2026-09-01T11,27546,2,german_intelligence,1045,en,2026-08-31T21:17:22Z
2026-09-01T11,27546,3,skill4ltu,556,en,2026-09-01T11:26:31Z
2026-09-01T11,493057,1,des0ut,1221,ru,2026-09-01T07:30:34Z
2026-09-01T11,493057,2,xargon0731,819,zh,2026-09-01T09:18:38Z
2026-09-01T11,493057,3,bonkol,688,pl,2026-09-01T07:59:32Z
2026-09-01T11,386821,1,biceptimusprime,1483,en,2026-09-01T07:42:09Z
2026-09-01T11,386821,2,mrrapolas,588,en,2026-09-01T09:44:11Z
2026-09-01T11,386821,3,i_am_lua,387,en,2026-09-01T09:44:54Z
2026-09-01T11,1494074023,1,ponce,4772,fr,2026-09-01T09:36:24Z
2026-09-01T11,1494074023,2,anaee,1081,fr,2026-09-01T07:55:17Z
2026-09-01T11,1494074023,3,moman,581,fr,2026-09-01T10:14:50Z
2026-09-01T11,512710,1,v1nkub,900,de,2026-09-01T10:00:41Z
2026-09-01T11,512710,2,zyro,758,en,2026-09-01T08:28:19Z
2026-09-01T11,512710,3,eskc,581,fr,2026-09-01T10:04:17Z
2026-09-01T11,29452,1,vijomyhe5,2147,pt,2026-08-31T08:50:51Z
2026-09-01T11,29452,2,dizedi71,2127,pt,2026-08-31T08:43:40Z
2026-09-01T11,29452,3,pkennys,563,pt,2026-09-01T05:38:10Z
2026-09-01T11,570615518,1,areslps,1497,de,2026-09-01T04:12:43Z
2026-09-01T11,570615518,2,bigrussianmum,1315,ru,2026-09-01T07:28:20Z
2026-09-01T11,570615518,3,ricfazeres,852,pt,2026-09-01T08:13:41Z
2026-09-01T11,512953,1,romainjacques_,848,fr,2026-09-01T08:01:51Z
2026-09-01T11,512953,2,ringo2218,521,zh,2026-09-01T09:15:03Z
2026-09-01T11,512953,3,paigethewitch,498,en,2026-09-01T03:20:15Z
2026-09-01T11,19619,1,massroon,401,pt,2026-09-01T10:04:34Z
2026-09-01T11,19619,2,antedeguemonn,347,pt,2026-08-31T13:22:44Z
2026-09-01T11,19619,3,teuzinfps,296,pt,2026-09-01T10:22:43Z
2026-09-01T11,499634,1,marginflow,1797,en,2026-09-01T09:21:04Z
2026-09-01T11,499634,2,orderblocker,527,en,2026-09-01T11:23:18Z
2026-09-01T11,499634,3,scharo,449,en,2026-09-01T07:04:43Z
2026-09-01T11,1669431183,1,luniix_music,2154,de,2026-09-01T09:34:56Z
2026-09-01T11,1669431183,2,mariaturme,1282,en,2026-09-01T09:55:44Z
2026-09-01T11,1669431183,3,djrydel,178,en,2026-09-01T10:37:21Z
2026-09-01T11,27284,1,unclebjorn,2076,ru,2026-09-01T04:57:17Z
2026-09-01T11,27284,2,retrolongplay,240,en,2026-08-31T11:50:05Z
2026-09-01T11,27284,3,jorunnav,197,en,2026-09-01T08:59:09Z
2026-09-01T11,401587136,1,tenkedzu,914,ru,2026-09-01T10:40:17Z
2026-09-01T11,401587136,2,halflex,878,ru,2026-09-01T10:25:30Z
2026-09-01T11,401587136,3,the_iken,682,pl,2026-09-01T06:42:47Z
2026-09-01T11,460630,1,vetelcito01,1138,es,2026-09-01T07:59:28Z
2026-09-01T11,460630,2,thaqil,466,en,2026-09-01T10:21:41Z
2026-09-01T11,460630,3,lusorkoeffizient,431,de,2026-09-01T08:14:54Z
2026-09-01T11,509659,1,poxiia,776,en,2026-09-01T06:20:03Z
2026-09-01T11,509659,2,lilithh,411,en,2026-09-01T06:39:20Z
2026-09-01T11,509659,3,neriaenn,380,en,2026-09-01T08:30:55Z
2026-09-01T11,2104758320,1,shipbroman,4367,en,2026-09-01T10:25:39Z
2026-09-01T11,2104758320,2,xalisa,281,en,2026-09-01T09:21:47Z
2026-09-01T11,2104758320,3,knightmar3frame,113,en,2026-09-01T10:20:06Z
2026-09-01T11,26936,1,jonathanong,326,en,2026-09-01T02:49:53Z
2026-09-01T11,26936,2,jonlimusic,300,en,2026-09-01T00:00:13Z
2026-09-01T11,26936,3,windowlightfm,279,en,2026-08-31T16:11:42Z
2026-09-01T11,272263131,1,alveussanctuary,1335,en,2026-08-31T13:31:17Z
2026-09-01T11,272263131,2,ferretsoftware,349,en,2026-09-01T07:09:05Z
2026-09-01T11,272263131,3,marinemammalrescue,320,en,2026-08-31T23:13:06Z
2026-09-01T11,1991115310,1,dmitry_lixxx,4784,ru,2026-09-01T08:39:22Z
2026-09-01T11,1991115310,2,vanracer71,68,en,2026-09-01T10:18:14Z
2026-09-01T11,1991115310,3,gluttony_00_,44,en,2026-08-30T23:42:46Z
2026-09-01T11,512923,1,melharucos,3901,ru,2026-09-01T06:49:52Z
2026-09-01T11,512923,2,okcode,189,en,2026-09-01T00:11:41Z
2026-09-01T11,512923,3,kylarbyte,122,en,2026-09-01T10:07:20Z
2026-09-01T11,511229,1,yuyuta0702,4523,ja,2026-09-01T09:00:16Z
2026-09-01T11,511229,2,baaatoru,86,ja,2026-09-01T11:23:49Z
2026-09-01T11,511229,3,kio___9,82,ja,2026-09-01T10:17:21Z
2026-09-01T11,498592,1,strippin,720,en,2026-08-31T15:32:33Z
2026-09-01T11,498592,2,elcalvolol,496,es,2026-08-31T10:53:35Z
2026-09-01T11,498592,3,zchum,493,en,2026-08-31T23:23:06Z
2026-09-01T11,630009802,1,maximilian_dood,4468,en,2026-09-01T04:07:07Z
2026-09-01T11,630009802,2,clearlamp_o,18,ja,2026-09-01T10:55:20Z
2026-09-01T11,630009802,3,dylochfgc,14,en,2026-09-01T05:17:41Z
2026-09-01T11,459931,1,sick_nerd,806,en,2026-09-01T10:35:35Z
2026-09-01T11,459931,2,b0aty,768,en,2026-09-01T10:00:27Z
2026-09-01T11,459931,3,dino_xx,699,en,2026-09-01T10:39:49Z
2026-09-01T11,417752,1,luzu_tv,1046,es,2026-09-01T09:46:51Z
2026-09-01T11,417752,2,winamaxsport,553,fr,2026-09-01T10:58:42Z
2026-09-01T11,417752,3,eurogamer_es,515,es,2026-09-01T10:01:56Z
2026-09-01T11,1599346425,1,nahyunworld,1247,en,2026-09-01T04:14:42Z
2026-09-01T11,1599346425,2,melina,568,en,2026-08-31T14:12:39Z
2026-09-01T11,1599346425,3,rosannatxt,183,en,2026-09-01T07:45:02Z
2026-09-01T11,2132205352,1,situation,708,en,2026-09-01T08:51:18Z
2026-09-01T11,2132205352,2,hootdl,633,en,2026-09-01T08:55:37Z
2026-09-01T11,2132205352,3,tbird,336,en,2026-09-01T05:31:47Z
2026-09-01T11,464339927,1,lyesval,525,en,2026-09-01T03:26:48Z
2026-09-01T11,464339927,2,xnikgo,329,de,2026-09-01T07:14:10Z
2026-09-01T11,464339927,3,paranoidpixi3_za,301,en,2026-09-01T06:18:33Z
2026-09-01T11,513181,1,komemos,496,en,2026-09-01T09:47:52Z
2026-09-01T11,513181,2,aspig,392,fr,2026-09-01T08:48:49Z
2026-09-01T11,513181,3,janek534222,365,pl,2026-09-01T11:15:08Z
2026-09-01T11,674491029,1,anniefuchsia,650,en,2026-09-01T10:58:29Z
2026-09-01T11,674491029,2,kinggothalion,476,en,2026-09-01T11:12:51Z
2026-09-01T11,674491029,3,twoangrygamerstv,330,en,2026-09-01T10:00:53Z
2026-09-01T11,1702520304,1,spicysushi_poe,1025,en,2026-09-01T10:20:36Z
2026-09-01T11,1702520304,2,zizaran,907,en,2026-09-01T10:38:31Z
2026-09-01T11,1702520304,3,devilcatwith2cat,362,zh,2026-09-01T09:42:35Z
2026-09-01T11,24241,1,sarahjane,308,en,2026-09-01T08:46:18Z
2026-09-01T11,24241,2,tomeru1,199,ja,2026-09-01T03:30:50Z
2026-09-01T11,24241,3,wonderful,186,en,2026-09-01T03:19:26Z
2026-09-01T11,23020,1,clout,1210,en,2026-08-31T01:16:30Z
2026-09-01T11,23020,2,pozitive_live,126,ru,2026-09-01T10:09:34Z
2026-09-01T11,23020,3,n0tdaygo,88,en,2026-09-01T06:33:27Z
2026-09-01T11,645512413,1,sterzik,3761,de,2026-09-01T09:49:00Z
2026-09-01T11,645512413,2,faxe293,2,de,2026-09-01T10:10:53Z
2026-09-01T11,1441208453,1,cimtrash,1534,en,2026-09-01T04:44:42Z
2026-09-01T11,1441208453,2,hannahxlea,116,de,2026-09-01T09:30:09Z
2026-09-01T11,1441208453,3,mrbeeanie,92,en,2026-09-01T01:06:53Z
2026-09-01T11,1813168901,1,vulpeshd,481,en,2026-09-01T01:22:05Z
2026-09-01T11,1813168901,2,badgecollectordrops,411,en,2026-09-01T07:11:04Z
2026-09-01T11,1813168901,3,y0ncecs,308,en,2026-09-01T06:28:52Z
2026-09-01T11,271304,1,limmy,1869,en,2026-09-01T08:31:02Z
2026-09-01T11,271304,2,skifolk,568,ru,2026-09-01T05:01:35Z
2026-09-01T11,271304,3,frantic_dan,124,en,2026-09-01T05:09:37Z
2026-09-01T11,65632,1,benfruit,889,en,2026-09-01T07:47:40Z
2026-09-01T11,65632,2,ceremor,445,en,2026-09-01T09:03:39Z
2026-09-01T11,65632,3,brizereins,302,fr,2026-09-01T09:38:26Z
2026-09-01T11,509663,1,samham,1509,en,2026-09-01T09:46:07Z
2026-09-01T11,509663,2,transfermarkt,634,de,2026-09-01T09:55:11Z
2026-09-01T11,509663,3,chi_chaan,154,ja,2026-09-01T09:04:41Z
2026-09-01T11,1036710512,1,rachelkay,440,en,2026-09-01T10:49:13Z
2026-09-01T11,1036710512,2,darkzelk,380,ja,2026-09-01T08:00:26Z
2026-09-01T11,1036710512,3,laphipi,125,en,2026-09-01T09:08:01Z
2026-09-01T11,490655,1,estend1,431,en,2026-08-31T23:05:57Z
2026-09-01T11,490655,2,keibrongameryt,419,es,2026-08-30T15:38:01Z
2026-09-01T11,490655,3,j0beats,400,en,2026-08-31T18:04:30Z
2026-09-01T11,1282866981,1,leissik,599,en,2026-09-01T09:44:29Z
2026-09-01T11,1282866981,2,stikinson,325,ru,2026-09-01T08:43:27Z
2026-09-01T11,1282866981,3,nokss68,169,fr,2026-09-01T10:17:16Z
2026-09-01T11,6521,1,joshimuz,1515,en,2026-09-01T09:09:15Z
2026-09-01T11,6521,2,aimlul,720,ru,2026-09-01T09:32:20Z
2026-09-01T11,6521,3,diverron,169,ru,2026-09-01T11:10:00Z
2026-09-01T11,263490,1,krolay,769,fr,2026-09-01T08:20:43Z
2026-09-01T11,263490,2,mrsplinter_tv,214,ru,2026-09-01T08:15:10Z
2026-09-01T11,263490,3,meksikanec74,193,ru,2026-09-01T06:19:30Z
2026-09-01T11,624536948,1,xpazzoo,357,de,2026-09-01T08:18:30Z
2026-09-01T11,624536948,2,maatm,268,fr,2026-09-01T09:19:31Z
2026-09-01T11,624536948,3,eadriaticleaguetwo,134,en,2026-09-01T10:07:07Z
2026-09-01T11,116747788,1,woojungx4,1388,ko,2026-09-01T08:13:57Z
2026-09-01T11,116747788,2,eww_foad,474,ru,2026-09-01T11:12:42Z
2026-09-01T11,116747788,3,sobwei,278,en,2026-09-01T11:07:56Z
2026-09-01T11,1832841853,1,dinossindgeil,446,en,2026-09-01T09:54:44Z
2026-09-01T11,1832841853,2,kiilanie,350,en,2026-09-01T08:17:20Z
2026-09-01T11,1832841853,3,blauerchiller,182,de,2026-09-01T05:30:11Z
2026-09-01T11,12839,1,hiltyha,977,ru,2026-09-01T06:44:17Z
2026-09-01T11,12839,2,newb1kk,319,ru,2026-09-01T03:48:10Z
2026-09-01T11,12839,3,master_of__mind,316,ru,2026-09-01T08:42:25Z
2026-09-01T11,13389,1,skyyart,1418,fr,2026-09-01T08:11:32Z
2026-09-01T11,13389,2,liereyy,407,en,2026-09-01T10:01:19Z
2026-09-01T11,13389,3,mblaoc,308,en,2026-09-01T10:36:40Z
2026-09-01T11,518006,1,radiiiiiio,2592,ru,2026-09-01T10:24:24Z
2026-09-01T11,518006,2,rainpringles,7,ja,2026-09-01T11:06:21Z
2026-09-01T11,518006,3,saya_ayaya,6,ru,2026-09-01T08:02:45Z
2026-09-01T11,1414406743,1,clioaite,1603,en,2026-09-01T01:35:57Z
2026-09-01T11,1414406743,2,florryworry,916,en,2026-09-01T08:05:39Z
2026-09-01T11,1414406743,3,karesak,49,de,2026-09-01T11:01:08Z
2026-09-01T11,511391,1,tortedelini,2129,en,2026-09-01T09:37:16Z
2026-09-01T11,511391,2,vasabilisa,73,ru,2026-09-01T09:08:03Z
2026-09-01T11,511391,3,stahmonler,70,en,2026-09-01T10:49:16Z
2026-09-01T11,500188,1,vombuz,270,en,2026-09-01T09:06:29Z
2026-09-01T11,500188,2,whityyy,222,en,2026-09-01T09:58:58Z
2026-09-01T11,500188,3,slumbo_,182,en,2026-09-01T06:53:51Z
2026-09-01T11,19976,1,a541021,1125,zh,2026-09-01T06:49:24Z
2026-09-01T11,19976,2,bean_0924,202,zh,2026-09-01T02:00:04Z
2026-09-01T11,19976,3,airizip,174,zh,2026-09-01T07:52:31Z
2026-09-01T11,13332,1,twitchplayspokemon,534,en,2026-08-31T19:35:06Z
2026-09-01T11,13332,2,reimi,429,en,2026-09-01T07:59:28Z
2026-09-01T11,13332,3,riirex,363,de,2026-09-01T10:38:16Z
2026-09-01T11,30921,1,mexify,296,de,2026-09-01T09:53:32Z
2026-09-01T11,30921,2,nhs_rl,182,fr,2026-09-01T10:20:01Z
2026-09-01T11,30921,3,henkovic,157,en,2026-09-01T10:48:14Z
2026-09-01T11,416015,1,steelmage,704,en,2026-09-01T08:06:09Z
2026-09-01T11,416015,2,exmagistr,424,ru,2026-09-01T09:40:01Z
2026-09-01T11,416015,3,poogf01,263,zh,2026-09-01T00:58:45Z
2026-09-01T11,1169827,1,singsing,1451,en,2026-09-01T09:02:43Z
2026-09-01T11,1169827,2,catonmarz,341,en,2026-09-01T08:12:32Z
2026-09-01T11,1169827,3,katie,292,en,2026-09-01T09:57:49Z
2026-09-01T11,504463,1,streamerhouse,828,en,2026-08-30T22:12:23Z
2026-09-01T11,504463,2,branlp84,168,en,2026-09-01T00:30:03Z
2026-09-01T11,504463,3,lanza,156,en,2026-09-01T09:15:03Z
2026-09-01T11,1414860634,1,neonomi,719,ru,2026-09-01T07:54:11Z
2026-09-01T11,1414860634,2,thereisnofuture,589,ru,2026-09-01T04:53:49Z
2026-09-01T11,1414860634,3,rekvizit8bit,402,ru,2026-09-01T10:05:14Z
2026-09-01T11,506415,1,rekkles,1932,en,2026-09-01T10:17:57Z
2026-09-01T11,506415,2,imkstyle,31,en,2026-09-01T07:17:15Z
2026-09-01T11,506415,3,tsupu,31,ja,2026-09-01T11:07:27Z
2026-09-01T11,509511,1,sandyjackson,266,de,2026-08-31T22:27:32Z
2026-09-01T11,509511,2,bougee,130,en,2026-09-01T06:09:41Z
2026-09-01T11,509511,3,goatislandworld,121,en,2026-08-31T10:12:50Z
2026-09-01T11,494184,1,disowned_mlbb,298,ru,2026-09-01T08:20:17Z
2026-09-01T11,494184,2,scottykil,180,ru,2026-09-01T03:26:36Z
2026-09-01T11,494184,3,luckyshotml,163,ru,2026-09-01T09:06:30Z
2026-09-01T11,514891,1,sovietwomble,1917,en,2026-09-01T10:08:44Z
2026-09-01T11,514891,2,ayane_tenshi,28,pl,2026-09-01T06:42:44Z
2026-09-01T11,514891,3,izzi280,18,en,2026-09-01T09:58:04Z
2026-09-01T11,66082,1,seriesofblurs,313,en,2026-09-01T09:05:47Z
2026-09-01T11,66082,2,formulalena,214,de,2026-09-01T09:02:41Z
2026-09-01T11,66082,3,hedvein,99,tr,2026-09-01T09:56:08Z
2026-09-01T11,499003,1,zayi,344,en,2026-09-01T10:26:15Z
2026-09-01T11,499003,2,silimmy,237,en,2026-09-01T09:57:54Z
2026-09-01T11,499003,3,nemurin,215,en,2026-09-01T08:28:26Z
2026-09-01T11,735904419,1,tentei_forte,516,ja,2026-09-01T10:32:46Z
2026-09-01T11,735904419,2,middleeetv,216,ja,2026-09-01T11:03:20Z
2026-09-01T11,735904419,3,kiipito,213,fr,2026-08-31T19:00:39Z
2026-09-01T11,71375,1,saltemike,369,en,2026-09-01T10:34:22Z
2026-09-01T11,71375,2,knebel_de,165,de,2026-09-01T01:04:37Z
2026-09-01T11,71375,3,dealoc,127,fr,2026-09-01T08:42:31Z
