event_id,customer_id,event_date,event_type,plan_price,mrr_delta
1,1,2025-01-01,signup,5.99,5.99
2,2,2024-07-06,signup,5.99,5.99
3,2,2025-08-30,cancel,5.99,-5.99
4,3,2025-06-08,signup,5.99,5.99
5,4,2024-03-08,signup,5.99,5.99
6,5,2024-03-12,signup,5.99,5.99
7,6,2024-11-11,signup,5.99,5.99
8,8,2025-01-20,signup,5.99,5.99
9,8,2025-07-19,cancel,5.99,-5.99
10,10,2024-04-23,signup,5.99,5.99
11,10,2024-06-22,cancel,5.99,-5.99
12,11,2025-04-02,signup,5.99,5.99
13,13,2025-04-13,signup,5.99,5.99
14,14,2024-11-22,signup,5.99,5.99
15,16,2024-07-12,signup,5.99,5.99
16,16,2024-12-09,cancel,5.99,-5.99
17,17,2025-01-04,signup,5.99,5.99
18,18,2024-06-18,signup,5.99,5.99
19,19,2024-12-31,signup,5.99,5.99
20,21,2025-11-16,signup,5.99,5.99
21,26,2024-09-07,signup,5.99,5.99
22,27,2024-07-20,signup,5.99,5.99
23,27,2024-12-17,cancel,5.99,-5.99
24,28,2024-07-22,signup,5.99,5.99
25,29,2024-09-02,signup,5.99,5.99
26,31,2024-05-16,signup,5.99,5.99
27,32,2024-09-15,signup,5.99,5.99
28,34,2025-05-25,signup,5.99,5.99
29,34,2025-09-22,cancel,5.99,-5.99
30,38,2024-07-24,signup,5.99,5.99
31,38,2025-05-20,cancel,5.99,-5.99
32,39,2025-06-28,signup,5.99,5.99
33,39,2025-08-27,cancel,5.99,-5.99
34,40,2025-01-05,signup,5.99,5.99
35,41,2025-03-13,signup,5.99,5.99
36,42,2024-11-02,signup,5.99,5.99
37,42,2024-12-02,cancel,5.99,-5.99
38,43,2024-02-29,signup,5.99,5.99
39,47,2025-03-13,signup,5.99,5.99
40,47,2025-10-09,cancel,5.99,-5.99
41,48,2024-11-06,signup,5.99,5.99
42,50,2025-02-17,signup,5.99,5.99
43,50,2025-06-17,cancel,5.99,-5.99
44,51,2025-12-07,signup,5.99,5.99
45,52,2024-10-29,signup,5.99,5.99
46,52,2025-08-25,cancel,5.99,-5.99
47,56,2024-04-17,signup,5.99,5.99
48,56,2024-11-13,cancel,5.99,-5.99
49,58,2024-11-18,signup,5.99,5.99
50,58,2025-01-17,cancel,5.99,-5.99
51,59,2025-04-14,signup,5.99,5.99
52,62,2024-04-30,signup,5.99,5.99
53,62,2024-05-30,cancel,5.99,-5.99
54,63,2025-05-30,signup,5.99,5.99
55,64,2024-09-20,signup,5.99,5.99
56,64,2025-01-18,cancel,5.99,-5.99
57,65,2024-07-01,signup,5.99,5.99
58,66,2025-05-26,signup,5.99,5.99
59,67,2025-12-16,signup,5.99,5.99
60,68,2025-07-22,signup,5.99,5.99
61,69,2024-10-10,signup,5.99,5.99
62,70,2024-04-16,signup,5.99,5.99
63,70,2025-09-08,cancel,5.99,-5.99
64,71,2024-07-08,signup,5.99,5.99
65,71,2024-08-07,cancel,5.99,-5.99
66,72,2024-09-25,signup,5.99,5.99
67,72,2025-06-22,cancel,5.99,-5.99
68,74,2024-08-06,signup,5.99,5.99
69,74,2025-08-31,cancel,5.99,-5.99
70,78,2024-06-09,signup,5.99,5.99
71,79,2024-07-11,signup,5.99,5.99
72,80,2024-07-07,signup,5.99,5.99
73,83,2024-07-12,signup,5.99,5.99
74,84,2024-08-01,signup,5.99,5.99
75,86,2025-11-29,signup,5.99,5.99
76,88,2025-06-14,signup,5.99,5.99
77,90,2025-11-10,signup,5.99,5.99
78,91,2025-04-14,signup,5.99,5.99
79,93,2024-05-17,signup,5.99,5.99
80,93,2025-11-08,cancel,5.99,-5.99
81,94,2024-12-07,signup,5.99,5.99
82,95,2024-12-18,signup,5.99,5.99
83,96,2025-06-28,signup,5.99,5.99
84,96,2025-12-25,cancel,5.99,-5.99
85,97,2024-09-11,signup,5.99,5.99
86,98,2025-03-03,signup,5.99,5.99
87,98,2025-04-02,cancel,5.99,-5.99
88,99,2025-02-24,signup,5.99,5.99
89,99,2025-05-25,cancel,5.99,-5.99
90,101,2025-07-03,signup,5.99,5.99
91,102,2024-11-19,signup,5.99,5.99
92,102,2025-08-16,cancel,5.99,-5.99
93,103,2024-07-28,signup,5.99,5.99
94,103,2025-10-21,cancel,5.99,-5.99
95,104,2025-05-12,signup,5.99,5.99
96,105,2024-07-17,signup,5.99,5.99
97,105,2025-01-13,cancel,5.99,-5.99
98,108,2025-10-14,signup,5.99,5.99
99,109,2024-03-13,signup,5.99,5.99
100,110,2025-07-31,signup,5.99,5.99
101,111,2025-04-02,signup,5.99,5.99
102,111,2025-12-28,cancel,5.99,-5.99
103,112,2024-05-07,signup,5.99,5.99
104,112,2025-06-01,cancel,5.99,-5.99
105,114,2024-08-04,signup,5.99,5.99
106,115,2024-03-06,signup,5.99,5.99
107,116,2025-05-12,signup,5.99,5.99
108,117,2024-12-22,signup,5.99,5.99
109,118,2024-11-02,signup,5.99,5.99
110,119,2025-09-21,signup,5.99,5.99
111,120,2024-07-17,signup,5.99,5.99
112,120,2025-08-11,cancel,5.99,-5.99
113,121,2025-02-13,signup,5.99,5.99
114,123,2024-07-23,signup,5.99,5.99
115,124,2025-07-26,signup,5.99,5.99
116,125,2025-03-05,signup,5.99,5.99
117,126,2024-04-22,signup,5.99,5.99
118,126,2024-08-20,cancel,5.99,-5.99
119,127,2024-07-25,signup,5.99,5.99
120,127,2024-09-23,cancel,5.99,-5.99
121,128,2024-08-06,signup,5.99,5.99
122,128,2025-01-03,cancel,5.99,-5.99
123,131,2025-06-25,signup,5.99,5.99
124,133,2024-09-24,signup,5.99,5.99
125,134,2024-10-09,signup,5.99,5.99
126,134,2025-07-06,cancel,5.99,-5.99
127,135,2024-10-14,signup,5.99,5.99
128,138,2025-03-07,signup,5.99,5.99
129,139,2024-06-12,signup,5.99,5.99
130,139,2024-09-10,cancel,5.99,-5.99
131,140,2024-10-16,signup,5.99,5.99
132,141,2024-09-05,signup,5.99,5.99
133,141,2024-10-05,cancel,5.99,-5.99
134,142,2025-02-02,signup,5.99,5.99
135,142,2025-03-04,cancel,5.99,-5.99
136,144,2025-03-12,signup,5.99,5.99
137,144,2025-06-10,cancel,5.99,-5.99
138,146,2024-04-06,signup,5.99,5.99
139,147,2024-10-12,signup,5.99,5.99
140,149,2025-06-10,signup,5.99,5.99
141,150,2024-10-22,signup,5.99,5.99
142,152,2024-07-07,signup,5.99,5.99
143,156,2024-05-22,signup,5.99,5.99
144,156,2025-11-13,cancel,5.99,-5.99
145,159,2024-09-23,signup,5.99,5.99
146,160,2025-02-03,signup,5.99,5.99
147,161,2024-09-01,signup,5.99,5.99
148,161,2025-09-26,cancel,5.99,-5.99
149,162,2025-02-28,signup,5.99,5.99
150,166,2025-01-09,signup,5.99,5.99
151,167,2024-10-08,signup,5.99,5.99
152,167,2025-12-02,cancel,5.99,-5.99
153,168,2024-03-04,signup,5.99,5.99
154,169,2024-03-19,signup,5.99,5.99
155,170,2024-10-12,signup,5.99,5.99
156,171,2024-06-25,signup,5.99,5.99
157,171,2025-07-20,cancel,5.99,-5.99
158,172,2024-09-07,signup,5.99,5.99
159,174,2024-11-16,signup,5.99,5.99
160,174,2025-01-15,cancel,5.99,-5.99
161,176,2025-02-21,signup,5.99,5.99
162,176,2025-10-19,cancel,5.99,-5.99
163,177,2024-03-06,signup,5.99,5.99
164,177,2024-08-03,cancel,5.99,-5.99
165,178,2025-01-11,signup,5.99,5.99
166,180,2024-12-10,signup,5.99,5.99
167,180,2025-04-09,cancel,5.99,-5.99
168,182,2024-03-03,signup,5.99,5.99
169,183,2025-09-07,signup,5.99,5.99
170,185,2024-05-01,signup,5.99,5.99
171,187,2025-03-28,signup,5.99,5.99
172,188,2024-09-06,signup,5.99,5.99
173,188,2025-05-04,cancel,5.99,-5.99
174,189,2025-05-18,signup,5.99,5.99
175,189,2025-11-14,cancel,5.99,-5.99
176,190,2025-09-15,signup,5.99,5.99
177,191,2025-01-23,signup,5.99,5.99
178,192,2025-09-24,signup,5.99,5.99
179,193,2024-11-14,signup,5.99,5.99
180,194,2025-02-15,signup,5.99,5.99
181,195,2025-05-05,signup,5.99,5.99
182,196,2024-07-06,signup,5.99,5.99
183,197,2024-08-27,signup,5.99,5.99
184,199,2024-08-17,signup,5.99,5.99
185,199,2025-10-11,cancel,5.99,-5.99
186,200,2024-07-19,signup,5.99,5.99
187,203,2024-10-19,signup,5.99,5.99
188,203,2025-06-16,cancel,5.99,-5.99
189,205,2024-11-25,signup,5.99,5.99
190,206,2024-09-19,signup,5.99,5.99
191,207,2025-02-01,signup,5.99,5.99
192,208,2024-05-27,signup,5.99,5.99
193,208,2025-08-20,cancel,5.99,-5.99
194,210,2024-06-26,signup,5.99,5.99
195,213,2024-06-19,signup,5.99,5.99
196,214,2024-07-22,signup,5.99,5.99
197,220,2024-12-30,signup,5.99,5.99
198,221,2024-11-19,signup,5.99,5.99
199,221,2025-11-14,cancel,5.99,-5.99
200,222,2024-05-18,signup,5.99,5.99
201,222,2024-10-15,cancel,5.99,-5.99
202,226,2024-12-11,signup,5.99,5.99
203,226,2025-03-11,cancel,5.99,-5.99
204,227,2024-07-05,signup,5.99,5.99
205,227,2024-10-03,cancel,5.99,-5.99
206,229,2024-01-20,signup,5.99,5.99
207,229,2024-10-16,cancel,5.99,-5.99
208,230,2024-07-26,signup,5.99,5.99
209,231,2025-01-26,signup,5.99,5.99
210,231,2025-03-27,cancel,5.99,-5.99
211,233,2025-01-09,signup,5.99,5.99
212,233,2025-11-05,cancel,5.99,-5.99
213,234,2024-11-12,signup,5.99,5.99
214,234,2025-12-07,cancel,5.99,-5.99
215,235,2025-04-27,signup,5.99,5.99
216,236,2024-07-29,signup,5.99,5.99
217,236,2025-05-25,cancel,5.99,-5.99
218,240,2024-09-25,signup,5.99,5.99
219,241,2024-05-05,signup,5.99,5.99
220,241,2025-04-30,cancel,5.99,-5.99
221,242,2024-11-27,signup,5.99,5.99
222,242,2025-08-24,cancel,5.99,-5.99
223,243,2025-01-04,signup,5.99,5.99
224,243,2025-08-02,cancel,5.99,-5.99
225,244,2025-03-05,signup,5.99,5.99
226,245,2025-07-11,signup,5.99,5.99
227,246,2024-12-18,signup,5.99,5.99
228,246,2025-03-18,cancel,5.99,-5.99
229,247,2024-08-13,signup,5.99,5.99
230,248,2025-05-06,signup,5.99,5.99
231,248,2025-08-04,cancel,5.99,-5.99
232,249,2024-07-18,signup,5.99,5.99
233,250,2024-11-15,signup,5.99,5.99
234,250,2025-08-12,cancel,5.99,-5.99
235,251,2024-08-14,signup,5.99,5.99
236,251,2024-11-12,cancel,5.99,-5.99
237,252,2024-10-31,signup,5.99,5.99
238,253,2024-11-18,signup,5.99,5.99
239,253,2024-12-18,cancel,5.99,-5.99
240,254,2024-08-30,signup,5.99,5.99
241,254,2024-10-29,cancel,5.99,-5.99
242,257,2024-05-10,signup,5.99,5.99
243,259,2024-11-09,signup,5.99,5.99
244,259,2025-02-07,cancel,5.99,-5.99
245,260,2025-07-17,signup,5.99,5.99
246,261,2025-04-20,signup,5.99,5.99
247,263,2025-10-05,signup,5.99,5.99
248,264,2024-09-05,signup,5.99,5.99
249,264,2024-10-05,cancel,5.99,-5.99
250,266,2025-04-01,signup,5.99,5.99
251,268,2024-08-02,signup,5.99,5.99
252,269,2024-10-22,signup,5.99,5.99
253,269,2025-12-16,cancel,5.99,-5.99
254,271,2024-10-05,signup,5.99,5.99
255,271,2025-11-29,cancel,5.99,-5.99
256,273,2025-03-21,signup,5.99,5.99
257,274,2025-01-23,signup,5.99,5.99
258,275,2025-01-18,signup,5.99,5.99
259,276,2024-10-23,signup,5.99,5.99
260,276,2024-12-22,cancel,5.99,-5.99
261,279,2025-02-02,signup,5.99,5.99
262,280,2024-05-27,signup,5.99,5.99
263,281,2024-08-12,signup,5.99,5.99
264,281,2025-01-09,cancel,5.99,-5.99
265,282,2025-05-17,signup,5.99,5.99
266,285,2024-04-20,signup,5.99,5.99
267,285,2025-05-15,cancel,5.99,-5.99
268,287,2024-05-07,signup,5.99,5.99
269,287,2025-12-28,cancel,5.99,-5.99
270,289,2024-03-28,signup,5.99,5.99
271,289,2025-03-23,cancel,5.99,-5.99
272,290,2024-08-19,signup,5.99,5.99
273,291,2024-11-26,signup,5.99,5.99
274,292,2024-04-23,signup,5.99,5.99
275,293,2024-06-28,signup,5.99,5.99
276,293,2024-07-28,cancel,5.99,-5.99
277,295,2024-02-20,signup,5.99,5.99
278,298,2024-09-24,signup,5.99,5.99
279,299,2024-06-24,signup,5.99,5.99
280,300,2024-07-07,signup,5.99,5.99
281,301,2025-11-11,signup,5.99,5.99
282,304,2024-12-01,signup,5.99,5.99
283,305,2024-08-02,signup,5.99,5.99
284,306,2024-08-24,signup,5.99,5.99
285,308,2025-04-28,signup,5.99,5.99
286,309,2025-01-02,signup,5.99,5.99
287,309,2025-04-02,cancel,5.99,-5.99
288,310,2024-12-06,signup,5.99,5.99
289,311,2024-07-29,signup,5.99,5.99
290,312,2024-05-27,signup,5.99,5.99
291,313,2024-11-05,signup,5.99,5.99
292,313,2025-01-04,cancel,5.99,-5.99
293,317,2025-09-24,signup,5.99,5.99
294,318,2025-10-19,signup,5.99,5.99
295,319,2024-08-31,signup,5.99,5.99
296,319,2024-09-30,cancel,5.99,-5.99
297,323,2024-03-04,signup,5.99,5.99
298,323,2025-04-28,cancel,5.99,-5.99
299,324,2025-07-13,signup,5.99,5.99
300,325,2025-04-28,signup,5.99,5.99
301,325,2025-11-24,cancel,5.99,-5.99
302,326,2024-09-09,signup,5.99,5.99
303,328,2025-06-17,signup,5.99,5.99
304,329,2025-01-21,signup,5.99,5.99
305,329,2025-08-19,cancel,5.99,-5.99
306,330,2024-09-17,signup,5.99,5.99
307,331,2024-09-12,signup,5.99,5.99
308,331,2025-03-11,cancel,5.99,-5.99
309,332,2024-09-07,signup,5.99,5.99
310,333,2024-08-16,signup,5.99,5.99
311,333,2025-02-12,cancel,5.99,-5.99
312,334,2025-05-08,signup,5.99,5.99
313,334,2025-11-04,cancel,5.99,-5.99
314,335,2024-11-02,signup,5.99,5.99
315,336,2024-09-07,signup,5.99,5.99
316,337,2025-04-30,signup,5.99,5.99
317,337,2025-05-30,cancel,5.99,-5.99
318,339,2025-03-25,signup,5.99,5.99
319,340,2024-11-08,signup,5.99,5.99
320,340,2024-12-08,cancel,5.99,-5.99
321,341,2024-06-26,signup,5.99,5.99
322,341,2025-02-21,cancel,5.99,-5.99
323,344,2024-05-31,signup,5.99,5.99
324,345,2025-01-07,signup,5.99,5.99
325,346,2025-03-29,signup,5.99,5.99
326,347,2024-06-14,signup,5.99,5.99
327,347,2025-02-09,cancel,5.99,-5.99
328,348,2024-11-04,signup,5.99,5.99
329,349,2025-03-10,signup,5.99,5.99
330,349,2025-12-05,cancel,5.99,-5.99
331,350,2024-10-21,signup,5.99,5.99
332,350,2025-12-15,cancel,5.99,-5.99
333,351,2025-03-27,signup,5.99,5.99
334,351,2025-10-23,cancel,5.99,-5.99
335,352,2024-10-04,signup,5.99,5.99
336,354,2024-10-12,signup,5.99,5.99
337,354,2025-09-07,cancel,5.99,-5.99
338,356,2024-07-22,signup,5.99,5.99
339,358,2024-10-10,signup,5.99,5.99
340,359,2025-01-25,signup,5.99,5.99
341,359,2025-04-25,cancel,5.99,-5.99
342,361,2024-10-07,signup,5.99,5.99
343,363,2024-09-20,signup,5.99,5.99
344,363,2025-05-18,cancel,5.99,-5.99
345,364,2024-06-10,signup,5.99,5.99
346,364,2024-11-07,cancel,5.99,-5.99
347,367,2024-12-04,signup,5.99,5.99
348,367,2025-03-04,cancel,5.99,-5.99
349,368,2024-05-07,signup,5.99,5.99
350,368,2025-01-02,cancel,5.99,-5.99
351,369,2025-03-04,signup,5.99,5.99
352,369,2025-06-02,cancel,5.99,-5.99
353,371,2024-11-18,signup,5.99,5.99
354,374,2025-04-14,signup,5.99,5.99
355,374,2025-08-12,cancel,5.99,-5.99
356,375,2025-04-25,signup,5.99,5.99
357,376,2024-03-21,signup,5.99,5.99
358,380,2024-06-05,signup,5.99,5.99
359,380,2025-06-30,cancel,5.99,-5.99
360,381,2025-03-03,signup,5.99,5.99
361,381,2025-10-29,cancel,5.99,-5.99
362,382,2024-08-07,signup,5.99,5.99
363,384,2024-03-29,signup,5.99,5.99
364,385,2025-01-20,signup,5.99,5.99
365,386,2024-10-17,signup,5.99,5.99
366,387,2025-03-03,signup,5.99,5.99
367,387,2025-07-01,cancel,5.99,-5.99
368,388,2024-08-02,signup,5.99,5.99
369,388,2024-09-01,cancel,5.99,-5.99
370,389,2024-12-31,signup,5.99,5.99
371,389,2025-05-30,cancel,5.99,-5.99
372,390,2024-11-27,signup,5.99,5.99
373,391,2024-06-18,signup,5.99,5.99
374,391,2024-07-18,cancel,5.99,-5.99
375,392,2024-08-04,signup,5.99,5.99
376,393,2024-06-18,signup,5.99,5.99
377,394,2024-10-23,signup,5.99,5.99
378,394,2025-10-18,cancel,5.99,-5.99
379,395,2024-04-28,signup,5.99,5.99
380,397,2024-11-28,signup,5.99,5.99
381,398,2024-09-07,signup,5.99,5.99
382,398,2025-10-02,cancel,5.99,-5.99
383,400,2025-05-05,signup,5.99,5.99
384,400,2025-06-04,cancel,5.99,-5.99
385,401,2025-04-28,signup,5.99,5.99
386,401,2025-12-24,cancel,5.99,-5.99
387,402,2024-10-30,signup,5.99,5.99
388,403,2024-08-13,signup,5.99,5.99
389,403,2025-02-09,cancel,5.99,-5.99
390,405,2025-07-06,signup,5.99,5.99
391,407,2024-06-09,signup,5.99,5.99
392,407,2025-05-05,cancel,5.99,-5.99
393,408,2025-03-17,signup,5.99,5.99
394,410,2025-03-11,signup,5.99,5.99
395,411,2024-11-20,signup,5.99,5.99
396,412,2025-05-30,signup,5.99,5.99
397,412,2025-09-27,cancel,5.99,-5.99
398,414,2024-07-21,signup,5.99,5.99
399,416,2025-04-22,signup,5.99,5.99
400,417,2025-05-09,signup,5.99,5.99
401,418,2024-09-28,signup,5.99,5.99
402,419,2025-06-26,signup,5.99,5.99
403,420,2025-01-03,signup,5.99,5.99
404,420,2025-12-29,cancel,5.99,-5.99
405,421,2024-06-11,signup,5.99,5.99
406,422,2025-06-18,signup,5.99,5.99
407,423,2024-10-31,signup,5.99,5.99
408,423,2025-06-28,cancel,5.99,-5.99
409,424,2024-09-24,signup,5.99,5.99
410,425,2024-05-30,signup,5.99,5.99
411,425,2025-05-25,cancel,5.99,-5.99
412,428,2024-05-11,signup,5.99,5.99
413,428,2024-09-08,cancel,5.99,-5.99
414,429,2025-02-07,signup,5.99,5.99
415,430,2025-05-21,signup,5.99,5.99
416,430,2025-11-17,cancel,5.99,-5.99
417,431,2024-05-24,signup,5.99,5.99
418,431,2024-09-21,cancel,5.99,-5.99
419,432,2025-02-06,signup,5.99,5.99
420,433,2025-08-07,signup,5.99,5.99
421,434,2025-03-24,signup,5.99,5.99
422,435,2025-05-03,signup,5.99,5.99
423,436,2024-10-30,signup,5.99,5.99
424,437,2024-08-24,signup,5.99,5.99
425,438,2024-06-29,signup,5.99,5.99
426,438,2024-07-29,cancel,5.99,-5.99
427,439,2024-06-28,signup,5.99,5.99
428,440,2025-05-10,signup,5.99,5.99
429,440,2025-12-06,cancel,5.99,-5.99
430,441,2025-04-19,signup,5.99,5.99
431,442,2024-08-09,signup,5.99,5.99
432,442,2025-01-06,cancel,5.99,-5.99
433,443,2024-09-05,signup,5.99,5.99
434,444,2025-03-06,signup,5.99,5.99
435,445,2024-09-17,signup,5.99,5.99
436,445,2025-09-12,cancel,5.99,-5.99
437,447,2025-02-19,signup,5.99,5.99
438,448,2024-07-28,signup,5.99,5.99
439,448,2025-12-20,cancel,5.99,-5.99
440,449,2025-04-23,signup,5.99,5.99
441,450,2025-11-03,signup,5.99,5.99
442,452,2025-04-22,signup,5.99,5.99
443,455,2025-05-02,signup,5.99,5.99
444,455,2025-07-01,cancel,5.99,-5.99
445,456,2024-07-15,signup,5.99,5.99
446,456,2024-10-13,cancel,5.99,-5.99
447,457,2024-09-27,signup,5.99,5.99
448,458,2024-09-18,signup,5.99,5.99
449,458,2024-12-17,cancel,5.99,-5.99
450,461,2025-08-01,signup,5.99,5.99
451,462,2025-03-24,signup,5.99,5.99
452,463,2025-04-21,signup,5.99,5.99
453,466,2024-11-16,signup,5.99,5.99
454,467,2024-05-22,signup,5.99,5.99
455,468,2024-03-27,signup,5.99,5.99
456,468,2024-09-23,cancel,5.99,-5.99
457,470,2024-12-13,signup,5.99,5.99
458,471,2024-07-08,signup,5.99,5.99
459,471,2025-01-04,cancel,5.99,-5.99
460,472,2024-12-23,signup,5.99,5.99
461,472,2025-01-22,cancel,5.99,-5.99
462,478,2024-08-17,signup,5.99,5.99
463,481,2024-06-03,signup,5.99,5.99
464,481,2025-01-29,cancel,5.99,-5.99
465,482,2025-01-31,signup,5.99,5.99
466,483,2024-04-14,signup,5.99,5.99
467,483,2025-07-08,cancel,5.99,-5.99
468,484,2024-07-17,signup,5.99,5.99
469,485,2024-03-19,signup,5.99,5.99
470,488,2025-03-12,signup,5.99,5.99
471,488,2025-04-11,cancel,5.99,-5.99
472,489,2024-05-10,signup,5.99,5.99
473,491,2025-10-10,signup,5.99,5.99
474,493,2025-02-14,signup,5.99,5.99
475,494,2025-04-21,signup,5.99,5.99
476,494,2025-09-18,cancel,5.99,-5.99
477,495,2024-05-04,signup,5.99,5.99
478,495,2024-10-01,cancel,5.99,-5.99
479,496,2024-12-11,signup,5.99,5.99
480,497,2024-08-14,signup,5.99,5.99
481,498,2024-08-12,signup,5.99,5.99
482,498,2025-03-10,cancel,5.99,-5.99
483,499,2025-10-15,signup,5.99,5.99
484,500,2024-12-18,signup,5.99,5.99
485,501,2025-01-13,signup,5.99,5.99
486,502,2024-12-06,signup,5.99,5.99
487,505,2025-01-09,signup,5.99,5.99
488,506,2025-02-26,signup,5.99,5.99
489,509,2024-09-12,signup,5.99,5.99
490,510,2024-07-24,signup,5.99,5.99
491,511,2024-07-17,signup,5.99,5.99
492,511,2025-02-12,cancel,5.99,-5.99
493,512,2024-05-23,signup,5.99,5.99
494,512,2024-11-19,cancel,5.99,-5.99
495,513,2025-06-13,signup,5.99,5.99
496,513,2025-12-10,cancel,5.99,-5.99
497,515,2024-08-20,signup,5.99,5.99
498,516,2025-06-19,signup,5.99,5.99
499,518,2024-10-18,signup,5.99,5.99
500,519,2024-05-31,signup,5.99,5.99
501,521,2024-11-05,signup,5.99,5.99
502,522,2024-07-29,signup,5.99,5.99
503,522,2025-12-21,cancel,5.99,-5.99
504,524,2024-04-22,signup,5.99,5.99
505,524,2025-01-17,cancel,5.99,-5.99
506,527,2024-06-25,signup,5.99,5.99
507,527,2025-09-18,cancel,5.99,-5.99
508,529,2024-06-02,signup,5.99,5.99
509,530,2025-01-30,signup,5.99,5.99
510,531,2025-06-24,signup,5.99,5.99
511,531,2025-09-22,cancel,5.99,-5.99
512,532,2024-12-21,signup,5.99,5.99
513,533,2024-08-08,signup,5.99,5.99
514,534,2024-06-19,signup,5.99,5.99
515,535,2025-01-08,signup,5.99,5.99
516,535,2025-12-04,cancel,5.99,-5.99
517,536,2025-05-02,signup,5.99,5.99
518,537,2024-03-16,signup,5.99,5.99
519,538,2024-11-30,signup,5.99,5.99
520,540,2024-12-13,signup,5.99,5.99
521,540,2025-02-11,cancel,5.99,-5.99
522,541,2024-10-12,signup,5.99,5.99
523,542,2024-08-08,signup,5.99,5.99
524,544,2024-12-11,signup,5.99,5.99
525,544,2025-01-10,cancel,5.99,-5.99
526,545,2025-02-27,signup,5.99,5.99
527,546,2024-05-28,signup,5.99,5.99
528,547,2024-08-05,signup,5.99,5.99
529,548,2024-07-04,signup,5.99,5.99
530,548,2025-01-30,cancel,5.99,-5.99
531,549,2024-08-22,signup,5.99,5.99
532,549,2024-12-20,cancel,5.99,-5.99
533,550,2025-05-31,signup,5.99,5.99
534,552,2024-10-21,signup,5.99,5.99
535,552,2025-03-20,cancel,5.99,-5.99
536,554,2024-10-28,signup,5.99,5.99
537,554,2024-11-27,cancel,5.99,-5.99
538,555,2024-08-16,signup,5.99,5.99
539,555,2025-07-12,cancel,5.99,-5.99
540,557,2024-11-09,signup,5.99,5.99
541,557,2025-02-07,cancel,5.99,-5.99
542,559,2024-08-25,signup,5.99,5.99
543,559,2025-06-21,cancel,5.99,-5.99
544,560,2024-06-15,signup,5.99,5.99
545,560,2025-02-10,cancel,5.99,-5.99
546,561,2024-10-19,signup,5.99,5.99
547,561,2025-08-15,cancel,5.99,-5.99
548,562,2025-11-10,signup,5.99,5.99
549,563,2025-10-04,signup,5.99,5.99
550,564,2024-08-25,signup,5.99,5.99
551,564,2024-09-24,cancel,5.99,-5.99
552,565,2024-06-12,signup,5.99,5.99
553,566,2024-03-18,signup,5.99,5.99
554,568,2024-11-06,signup,5.99,5.99
555,568,2025-08-03,cancel,5.99,-5.99
556,569,2024-06-12,signup,5.99,5.99
557,569,2024-07-12,cancel,5.99,-5.99
558,570,2024-08-08,signup,5.99,5.99
559,571,2024-10-27,signup,5.99,5.99
560,571,2025-07-24,cancel,5.99,-5.99
561,573,2025-10-12,signup,5.99,5.99
562,574,2025-02-10,signup,5.99,5.99
563,574,2025-07-10,cancel,5.99,-5.99
564,575,2024-09-28,signup,5.99,5.99
565,575,2025-06-25,cancel,5.99,-5.99
566,577,2024-12-01,signup,5.99,5.99
567,578,2024-12-13,signup,5.99,5.99
568,580,2024-05-14,signup,5.99,5.99
569,581,2024-05-27,signup,5.99,5.99
570,582,2025-03-11,signup,5.99,5.99
571,582,2025-07-09,cancel,5.99,-5.99
572,583,2025-02-22,signup,5.99,5.99
573,583,2025-11-19,cancel,5.99,-5.99
574,584,2024-06-28,signup,5.99,5.99
575,584,2024-10-26,cancel,5.99,-5.99
576,587,2025-03-09,signup,5.99,5.99
577,587,2025-10-05,cancel,5.99,-5.99
578,589,2024-07-01,signup,5.99,5.99
579,589,2024-11-28,cancel,5.99,-5.99
580,590,2025-09-17,signup,5.99,5.99
581,591,2024-06-21,signup,5.99,5.99
582,592,2024-08-09,signup,5.99,5.99
583,593,2024-07-16,signup,5.99,5.99
584,595,2025-09-08,signup,5.99,5.99
585,595,2025-10-08,cancel,5.99,-5.99
586,596,2024-07-31,signup,5.99,5.99
587,600,2024-11-19,signup,5.99,5.99
588,602,2024-09-21,signup,5.99,5.99
589,603,2025-03-05,signup,5.99,5.99
590,603,2025-06-03,cancel,5.99,-5.99
591,604,2025-08-05,signup,5.99,5.99
592,605,2025-06-11,signup,5.99,5.99
593,606,2025-09-12,signup,5.99,5.99
594,607,2025-07-06,signup,5.99,5.99
595,608,2024-11-09,signup,5.99,5.99
596,610,2024-06-08,signup,5.99,5.99
597,610,2025-08-02,cancel,5.99,-5.99
598,612,2025-09-12,signup,5.99,5.99
599,612,2025-11-11,cancel,5.99,-5.99
600,614,2025-10-17,signup,5.99,5.99
601,616,2025-05-02,signup,5.99,5.99
602,617,2024-05-17,signup,5.99,5.99
603,622,2025-01-13,signup,5.99,5.99
604,622,2025-05-13,cancel,5.99,-5.99
605,624,2024-07-05,signup,5.99,5.99
606,625,2024-07-28,signup,5.99,5.99
607,626,2025-01-13,signup,5.99,5.99
608,627,2024-05-07,signup,5.99,5.99
609,629,2024-07-30,signup,5.99,5.99
610,632,2024-12-11,signup,5.99,5.99
611,634,2024-07-06,signup,5.99,5.99
612,634,2024-12-03,cancel,5.99,-5.99
613,636,2025-01-21,signup,5.99,5.99
614,636,2025-07-20,cancel,5.99,-5.99
615,637,2024-04-01,signup,5.99,5.99
616,638,2024-11-19,signup,5.99,5.99
617,639,2024-10-28,signup,5.99,5.99
618,641,2025-03-30,signup,5.99,5.99
619,643,2025-04-14,signup,5.99,5.99
620,643,2025-08-12,cancel,5.99,-5.99
621,644,2025-04-22,signup,5.99,5.99
622,644,2025-06-21,cancel,5.99,-5.99
623,645,2024-04-08,signup,5.99,5.99
624,645,2025-06-02,cancel,5.99,-5.99
625,649,2024-12-23,signup,5.99,5.99
626,649,2025-02-21,cancel,5.99,-5.99
627,652,2024-11-17,signup,5.99,5.99
628,653,2024-06-10,signup,5.99,5.99
629,655,2024-03-07,signup,5.99,5.99
630,655,2025-12-27,cancel,5.99,-5.99
631,656,2024-11-08,signup,5.99,5.99
632,658,2025-08-15,signup,5.99,5.99
633,659,2025-04-12,signup,5.99,5.99
634,661,2024-05-07,signup,5.99,5.99
635,663,2024-09-17,signup,5.99,5.99
636,664,2025-05-23,signup,5.99,5.99
637,664,2025-11-19,cancel,5.99,-5.99
638,666,2024-07-30,signup,5.99,5.99
639,666,2025-03-27,cancel,5.99,-5.99
640,667,2024-08-15,signup,5.99,5.99
641,667,2025-08-10,cancel,5.99,-5.99
642,669,2024-04-14,signup,5.99,5.99
643,669,2024-05-14,cancel,5.99,-5.99
644,670,2025-07-06,signup,5.99,5.99
645,671,2024-10-10,signup,5.99,5.99
646,671,2025-05-08,cancel,5.99,-5.99
647,672,2025-01-20,signup,5.99,5.99
648,672,2025-05-20,cancel,5.99,-5.99
649,674,2025-03-02,signup,5.99,5.99
650,674,2025-08-29,cancel,5.99,-5.99
651,675,2024-08-06,signup,5.99,5.99
652,676,2025-06-29,signup,5.99,5.99
653,677,2024-11-08,signup,5.99,5.99
654,678,2024-06-20,signup,5.99,5.99
655,681,2024-11-30,signup,5.99,5.99
656,681,2025-02-28,cancel,5.99,-5.99
657,683,2024-10-03,signup,5.99,5.99
658,684,2025-08-21,signup,5.99,5.99
659,686,2024-10-04,signup,5.99,5.99
660,686,2025-05-02,cancel,5.99,-5.99
661,687,2024-06-22,signup,5.99,5.99
662,688,2025-03-10,signup,5.99,5.99
663,688,2025-07-08,cancel,5.99,-5.99
664,689,2024-08-19,signup,5.99,5.99
665,689,2024-10-18,cancel,5.99,-5.99
666,692,2024-09-01,signup,5.99,5.99
667,698,2025-09-18,signup,5.99,5.99
668,700,2025-02-12,signup,5.99,5.99
669,700,2025-12-09,cancel,5.99,-5.99
670,701,2024-11-01,signup,5.99,5.99
671,702,2024-03-21,signup,5.99,5.99
672,703,2025-01-08,signup,5.99,5.99
673,704,2025-05-03,signup,5.99,5.99
674,706,2024-12-24,signup,5.99,5.99
675,706,2025-02-22,cancel,5.99,-5.99
676,709,2024-07-18,signup,5.99,5.99
677,709,2025-01-14,cancel,5.99,-5.99
678,713,2025-04-14,signup,5.99,5.99
679,714,2024-09-03,signup,5.99,5.99
680,714,2025-08-29,cancel,5.99,-5.99
681,715,2025-10-29,signup,5.99,5.99
682,717,2025-03-02,signup,5.99,5.99
683,717,2025-09-28,cancel,5.99,-5.99
684,719,2024-06-06,signup,5.99,5.99
685,719,2025-10-29,cancel,5.99,-5.99
686,721,2024-04-24,signup,5.99,5.99
687,721,2024-12-20,cancel,5.99,-5.99
688,722,2024-07-04,signup,5.99,5.99
689,724,2025-07-14,signup,5.99,5.99
690,725,2024-03-21,signup,5.99,5.99
691,726,2025-09-11,signup,5.99,5.99
692,727,2025-02-01,signup,5.99,5.99
693,729,2024-09-01,signup,5.99,5.99
694,729,2025-12-25,cancel,5.99,-5.99
695,731,2025-02-08,signup,5.99,5.99
696,732,2024-04-05,signup,5.99,5.99
697,733,2024-08-20,signup,5.99,5.99
698,734,2024-09-05,signup,5.99,5.99
699,735,2024-07-21,signup,5.99,5.99
700,736,2024-08-31,signup,5.99,5.99
701,736,2025-07-27,cancel,5.99,-5.99
702,737,2025-01-09,signup,5.99,5.99
703,740,2024-12-16,signup,5.99,5.99
704,741,2024-05-09,signup,5.99,5.99
705,741,2025-06-03,cancel,5.99,-5.99
706,742,2024-08-17,signup,5.99,5.99
707,743,2024-06-24,signup,5.99,5.99
708,745,2024-04-29,signup,5.99,5.99
709,746,2024-08-29,signup,5.99,5.99
710,750,2024-10-12,signup,5.99,5.99
711,751,2024-09-22,signup,5.99,5.99
712,751,2025-07-19,cancel,5.99,-5.99
713,753,2024-12-08,signup,5.99,5.99
714,753,2025-02-06,cancel,5.99,-5.99
715,754,2024-08-08,signup,5.99,5.99
716,755,2024-12-13,signup,5.99,5.99
717,756,2024-08-10,signup,5.99,5.99
718,758,2025-08-16,signup,5.99,5.99
719,759,2025-09-03,signup,5.99,5.99
720,759,2025-12-02,cancel,5.99,-5.99
721,764,2024-11-17,signup,5.99,5.99
722,765,2025-01-26,signup,5.99,5.99
723,765,2025-12-22,cancel,5.99,-5.99
724,766,2025-02-01,signup,5.99,5.99
725,766,2025-10-29,cancel,5.99,-5.99
726,767,2024-09-09,signup,5.99,5.99
727,767,2025-02-06,cancel,5.99,-5.99
728,770,2024-10-09,signup,5.99,5.99
729,771,2025-07-17,signup,5.99,5.99
730,772,2025-03-26,signup,5.99,5.99
731,772,2025-04-25,cancel,5.99,-5.99
732,773,2024-11-15,signup,5.99,5.99
733,775,2025-01-04,signup,5.99,5.99
734,775,2025-11-30,cancel,5.99,-5.99
735,776,2025-01-22,signup,5.99,5.99
736,777,2025-09-16,signup,5.99,5.99
737,778,2024-07-14,signup,5.99,5.99
738,778,2025-12-06,cancel,5.99,-5.99
739,779,2024-12-06,signup,5.99,5.99
740,780,2024-08-27,signup,5.99,5.99
741,781,2024-10-15,signup,5.99,5.99
742,781,2025-10-10,cancel,5.99,-5.99
743,782,2024-05-04,signup,5.99,5.99
744,782,2025-01-29,cancel,5.99,-5.99
745,784,2024-07-30,signup,5.99,5.99
746,785,2024-10-09,signup,5.99,5.99
747,785,2025-07-06,cancel,5.99,-5.99
748,787,2025-04-11,signup,5.99,5.99
749,788,2025-01-01,signup,5.99,5.99
750,789,2025-10-26,signup,5.99,5.99
751,790,2024-06-03,signup,5.99,5.99
752,790,2025-07-28,cancel,5.99,-5.99
753,791,2024-07-10,signup,5.99,5.99
754,791,2024-11-07,cancel,5.99,-5.99
755,792,2025-01-01,signup,5.99,5.99
756,793,2024-12-14,signup,5.99,5.99
757,794,2024-08-23,signup,5.99,5.99
758,794,2025-04-20,cancel,5.99,-5.99
759,797,2024-08-09,signup,5.99,5.99
760,798,2025-05-15,signup,5.99,5.99
761,800,2024-08-21,signup,5.99,5.99
762,803,2024-05-07,signup,5.99,5.99
763,803,2025-05-02,cancel,5.99,-5.99
764,806,2024-12-14,signup,5.99,5.99
765,807,2025-12-27,signup,5.99,5.99
766,811,2024-10-30,signup,5.99,5.99
767,811,2025-05-28,cancel,5.99,-5.99
768,812,2024-09-12,signup,5.99,5.99
769,813,2024-05-03,signup,5.99,5.99
770,814,2024-07-21,signup,5.99,5.99
771,816,2025-03-05,signup,5.99,5.99
772,816,2025-10-31,cancel,5.99,-5.99
773,817,2024-05-21,signup,5.99,5.99
774,821,2024-08-05,signup,5.99,5.99
775,822,2024-08-11,signup,5.99,5.99
776,823,2025-11-24,signup,5.99,5.99
777,824,2025-04-18,signup,5.99,5.99
778,824,2025-09-15,cancel,5.99,-5.99
779,825,2025-02-03,signup,5.99,5.99
780,826,2024-05-20,signup,5.99,5.99
781,826,2025-09-12,cancel,5.99,-5.99
782,827,2024-04-12,signup,5.99,5.99
783,827,2024-09-09,cancel,5.99,-5.99
784,828,2024-11-17,signup,5.99,5.99
785,828,2025-03-17,cancel,5.99,-5.99
786,829,2024-07-25,signup,5.99,5.99
787,829,2024-09-23,cancel,5.99,-5.99
788,830,2025-10-28,signup,5.99,5.99
789,831,2025-09-05,signup,5.99,5.99
790,832,2025-11-21,signup,5.99,5.99
791,833,2025-05-15,signup,5.99,5.99
792,834,2025-04-26,signup,5.99,5.99
793,835,2024-10-10,signup,5.99,5.99
794,836,2024-09-20,signup,5.99,5.99
795,837,2025-06-06,signup,5.99,5.99
796,838,2024-07-24,signup,5.99,5.99
797,839,2025-08-30,signup,5.99,5.99
798,840,2025-03-10,signup,5.99,5.99
799,842,2024-04-19,signup,5.99,5.99
800,842,2025-07-13,cancel,5.99,-5.99
801,843,2024-09-21,signup,5.99,5.99
802,844,2025-04-23,signup,5.99,5.99
803,846,2025-01-22,signup,5.99,5.99
804,847,2025-03-25,signup,5.99,5.99
805,848,2025-05-18,signup,5.99,5.99
806,849,2025-09-05,signup,5.99,5.99
807,850,2024-05-24,signup,5.99,5.99
808,850,2025-01-19,cancel,5.99,-5.99
809,851,2025-08-06,signup,5.99,5.99
810,855,2025-02-07,signup,5.99,5.99
811,855,2025-06-07,cancel,5.99,-5.99
812,857,2024-02-09,signup,5.99,5.99
813,857,2025-01-04,cancel,5.99,-5.99
814,858,2025-10-29,signup,5.99,5.99
815,859,2024-04-27,signup,5.99,5.99
816,859,2025-09-19,cancel,5.99,-5.99
817,860,2024-05-06,signup,5.99,5.99
818,860,2025-03-02,cancel,5.99,-5.99
819,861,2024-05-23,signup,5.99,5.99
820,862,2024-05-24,signup,5.99,5.99
821,862,2025-09-16,cancel,5.99,-5.99
822,863,2024-11-09,signup,5.99,5.99
823,863,2025-04-08,cancel,5.99,-5.99
824,864,2024-09-23,signup,5.99,5.99
825,865,2024-06-11,signup,5.99,5.99
826,865,2025-07-06,cancel,5.99,-5.99
827,866,2025-05-18,signup,5.99,5.99
828,868,2025-09-12,signup,5.99,5.99
829,873,2025-02-27,signup,5.99,5.99
830,873,2025-05-28,cancel,5.99,-5.99
831,874,2025-06-30,signup,5.99,5.99
832,875,2024-05-02,signup,5.99,5.99
833,875,2024-09-29,cancel,5.99,-5.99
834,876,2024-11-06,signup,5.99,5.99
835,877,2025-07-23,signup,5.99,5.99
836,878,2024-11-27,signup,5.99,5.99
837,879,2025-03-01,signup,5.99,5.99
838,881,2024-03-20,signup,5.99,5.99
839,881,2024-08-17,cancel,5.99,-5.99
840,882,2024-10-17,signup,5.99,5.99
841,882,2025-09-12,cancel,5.99,-5.99
842,883,2024-09-12,signup,5.99,5.99
843,883,2024-11-11,cancel,5.99,-5.99
844,884,2024-11-05,signup,5.99,5.99
845,885,2024-08-07,signup,5.99,5.99
846,886,2025-04-08,signup,5.99,5.99
847,887,2024-12-19,signup,5.99,5.99
848,887,2025-12-14,cancel,5.99,-5.99
849,889,2025-05-09,signup,5.99,5.99
850,891,2024-08-09,signup,5.99,5.99
851,891,2025-11-02,cancel,5.99,-5.99
852,892,2024-05-10,signup,5.99,5.99
853,892,2024-08-08,cancel,5.99,-5.99
854,894,2025-03-28,signup,5.99,5.99
855,896,2025-06-21,signup,5.99,5.99
856,897,2025-04-11,signup,5.99,5.99
857,899,2024-10-07,signup,5.99,5.99
858,899,2025-11-01,cancel,5.99,-5.99
859,901,2024-05-15,signup,5.99,5.99
860,901,2025-10-07,cancel,5.99,-5.99
861,902,2024-06-28,signup,5.99,5.99
862,903,2025-05-20,signup,5.99,5.99
863,903,2025-11-16,cancel,5.99,-5.99
864,904,2024-09-08,signup,5.99,5.99
865,904,2025-05-06,cancel,5.99,-5.99
866,907,2024-09-04,signup,5.99,5.99
867,907,2025-03-03,cancel,5.99,-5.99
868,908,2024-04-29,signup,5.99,5.99
869,908,2025-01-24,cancel,5.99,-5.99
870,912,2024-08-02,signup,5.99,5.99
871,912,2025-02-28,cancel,5.99,-5.99
872,913,2024-06-12,signup,5.99,5.99
873,913,2025-10-05,cancel,5.99,-5.99
874,914,2024-12-13,signup,5.99,5.99
875,915,2024-10-07,signup,5.99,5.99
876,915,2025-01-05,cancel,5.99,-5.99
877,921,2024-10-28,signup,5.99,5.99
878,921,2025-01-26,cancel,5.99,-5.99
879,922,2024-04-10,signup,5.99,5.99
880,922,2024-06-09,cancel,5.99,-5.99
881,924,2024-10-26,signup,5.99,5.99
882,924,2025-12-20,cancel,5.99,-5.99
883,925,2025-09-21,signup,5.99,5.99
884,927,2024-11-13,signup,5.99,5.99
885,928,2024-07-13,signup,5.99,5.99
886,930,2024-08-15,signup,5.99,5.99
887,931,2024-07-02,signup,5.99,5.99
888,931,2025-02-27,cancel,5.99,-5.99
889,932,2024-06-06,signup,5.99,5.99
890,934,2024-06-29,signup,5.99,5.99
891,934,2025-09-22,cancel,5.99,-5.99
892,935,2024-05-23,signup,5.99,5.99
893,935,2024-07-22,cancel,5.99,-5.99
894,936,2025-04-15,signup,5.99,5.99
895,940,2024-03-09,signup,5.99,5.99
896,940,2024-08-06,cancel,5.99,-5.99
897,942,2025-04-15,signup,5.99,5.99
898,942,2025-07-14,cancel,5.99,-5.99
899,944,2025-04-13,signup,5.99,5.99
900,945,2025-01-08,signup,5.99,5.99
901,947,2025-06-22,signup,5.99,5.99
902,948,2025-06-25,signup,5.99,5.99
903,949,2024-03-30,signup,5.99,5.99
904,950,2024-11-28,signup,5.99,5.99
905,951,2024-03-08,signup,5.99,5.99
906,952,2024-06-29,signup,5.99,5.99
907,952,2024-08-28,cancel,5.99,-5.99
908,953,2025-05-31,signup,5.99,5.99
909,954,2024-07-05,signup,5.99,5.99
910,954,2025-05-01,cancel,5.99,-5.99
911,955,2024-11-08,signup,5.99,5.99
912,958,2025-04-09,signup,5.99,5.99
913,959,2024-08-28,signup,5.99,5.99
914,961,2024-06-23,signup,5.99,5.99
915,961,2025-09-16,cancel,5.99,-5.99
916,963,2025-11-14,signup,5.99,5.99
917,965,2025-01-02,signup,5.99,5.99
918,966,2025-07-12,signup,5.99,5.99
919,966,2025-09-10,cancel,5.99,-5.99
920,969,2024-06-09,signup,5.99,5.99
921,969,2025-09-02,cancel,5.99,-5.99
922,971,2025-02-05,signup,5.99,5.99
923,971,2025-06-05,cancel,5.99,-5.99
924,972,2024-11-12,signup,5.99,5.99
925,973,2025-05-28,signup,5.99,5.99
926,974,2024-10-20,signup,5.99,5.99
927,977,2025-02-14,signup,5.99,5.99
928,978,2024-08-02,signup,5.99,5.99
929,978,2024-09-01,cancel,5.99,-5.99
930,979,2025-07-13,signup,5.99,5.99
931,980,2025-05-14,signup,5.99,5.99
932,982,2024-07-20,signup,5.99,5.99
933,982,2025-01-16,cancel,5.99,-5.99
934,983,2025-08-26,signup,5.99,5.99
935,986,2024-06-30,signup,5.99,5.99
936,986,2025-07-25,cancel,5.99,-5.99
937,987,2024-08-06,signup,5.99,5.99
938,988,2025-02-11,signup,5.99,5.99
939,988,2025-07-11,cancel,5.99,-5.99
940,989,2024-08-25,signup,5.99,5.99
941,989,2025-04-22,cancel,5.99,-5.99
942,990,2024-03-25,signup,5.99,5.99
943,991,2025-09-23,signup,5.99,5.99
944,992,2025-08-02,signup,5.99,5.99
945,993,2024-07-18,signup,5.99,5.99
946,993,2025-01-14,cancel,5.99,-5.99
947,994,2025-06-08,signup,5.99,5.99
948,997,2024-07-15,signup,5.99,5.99
949,997,2024-12-12,cancel,5.99,-5.99
950,998,2024-09-11,signup,5.99,5.99
951,999,2025-06-11,signup,5.99,5.99
952,1000,2024-11-17,signup,5.99,5.99
953,1001,2025-05-22,signup,5.99,5.99
954,1003,2024-08-03,signup,5.99,5.99
955,1004,2024-04-11,signup,5.99,5.99
956,1004,2025-07-05,cancel,5.99,-5.99
957,1005,2025-02-08,signup,5.99,5.99
958,1006,2024-05-06,signup,5.99,5.99
959,1009,2024-04-27,signup,5.99,5.99
960,1009,2024-11-23,cancel,5.99,-5.99
961,1011,2024-07-07,signup,5.99,5.99
962,1011,2025-02-02,cancel,5.99,-5.99
963,1013,2024-05-30,signup,5.99,5.99
964,1013,2025-08-23,cancel,5.99,-5.99
965,1014,2024-07-29,signup,5.99,5.99
966,1016,2024-07-30,signup,5.99,5.99
967,1017,2024-08-06,signup,5.99,5.99
968,1019,2024-06-06,signup,5.99,5.99
969,1020,2024-10-04,signup,5.99,5.99
970,1021,2024-07-03,signup,5.99,5.99
971,1021,2025-10-26,cancel,5.99,-5.99
972,1022,2025-03-08,signup,5.99,5.99
973,1023,2024-08-10,signup,5.99,5.99
974,1026,2025-05-29,signup,5.99,5.99
975,1029,2025-04-13,signup,5.99,5.99
976,1029,2025-05-13,cancel,5.99,-5.99
977,1030,2024-05-22,signup,5.99,5.99
978,1031,2025-10-30,signup,5.99,5.99
979,1032,2024-05-24,signup,5.99,5.99
980,1032,2025-03-20,cancel,5.99,-5.99
981,1033,2024-09-15,signup,5.99,5.99
982,1034,2025-04-26,signup,5.99,5.99
983,1034,2025-08-24,cancel,5.99,-5.99
984,1035,2025-06-29,signup,5.99,5.99
985,1036,2024-08-28,signup,5.99,5.99
986,1036,2025-03-26,cancel,5.99,-5.99
987,1037,2024-10-06,signup,5.99,5.99
988,1038,2024-12-19,signup,5.99,5.99
989,1040,2025-02-28,signup,5.99,5.99
990,1040,2025-05-29,cancel,5.99,-5.99
991,1041,2024-11-22,signup,5.99,5.99
992,1041,2025-11-17,cancel,5.99,-5.99
993,1042,2024-11-06,signup,5.99,5.99
994,1042,2025-12-01,cancel,5.99,-5.99
995,1043,2024-08-27,signup,5.99,5.99
996,1044,2024-03-25,signup,5.99,5.99
997,1044,2024-08-22,cancel,5.99,-5.99
998,1045,2024-12-16,signup,5.99,5.99
999,1049,2024-07-19,signup,5.99,5.99
1000,1049,2024-09-17,cancel,5.99,-5.99
1001,1052,2024-07-25,signup,5.99,5.99
1002,1052,2025-11-17,cancel,5.99,-5.99
1003,1053,2024-06-28,signup,5.99,5.99
1004,1053,2025-01-24,cancel,5.99,-5.99
1005,1057,2025-05-22,signup,5.99,5.99
1006,1058,2024-06-30,signup,5.99,5.99
1007,1058,2024-11-27,cancel,5.99,-5.99
1008,1059,2024-07-03,signup,5.99,5.99
1009,1059,2025-04-29,cancel,5.99,-5.99
1010,1062,2024-03-23,signup,5.99,5.99
1011,1063,2024-06-16,signup,5.99,5.99
1012,1068,2025-01-24,signup,5.99,5.99
1013,1069,2024-03-02,signup,5.99,5.99
1014,1069,2024-11-27,cancel,5.99,-5.99
1015,1070,2024-02-04,signup,5.99,5.99
1016,1070,2024-12-30,cancel,5.99,-5.99
1017,1071,2024-11-28,signup,5.99,5.99
1018,1075,2025-01-10,signup,5.99,5.99
1019,1076,2024-05-03,signup,5.99,5.99
1020,1076,2024-06-02,cancel,5.99,-5.99
1021,1077,2025-05-08,signup,5.99,5.99
1022,1079,2024-04-08,signup,5.99,5.99
1023,1079,2025-10-30,cancel,5.99,-5.99
1024,1080,2025-05-29,signup,5.99,5.99
1025,1081,2025-06-13,signup,5.99,5.99
1026,1081,2025-09-11,cancel,5.99,-5.99
1027,1082,2025-03-05,signup,5.99,5.99
1028,1082,2025-07-03,cancel,5.99,-5.99
1029,1083,2025-04-01,signup,5.99,5.99
1030,1084,2025-01-27,signup,5.99,5.99
1031,1085,2025-12-19,signup,5.99,5.99
1032,1086,2024-09-02,signup,5.99,5.99
1033,1087,2024-11-17,signup,5.99,5.99
1034,1088,2024-07-04,signup,5.99,5.99
1035,1089,2025-06-25,signup,5.99,5.99
1036,1089,2025-12-22,cancel,5.99,-5.99
1037,1093,2024-06-25,signup,5.99,5.99
1038,1095,2024-07-30,signup,5.99,5.99
1039,1096,2024-07-10,signup,5.99,5.99
1040,1096,2025-05-06,cancel,5.99,-5.99
1041,1098,2025-08-14,signup,5.99,5.99
1042,1100,2024-07-24,signup,5.99,5.99
1043,1102,2024-11-16,signup,5.99,5.99
1044,1102,2025-04-15,cancel,5.99,-5.99
1045,1106,2025-03-01,signup,5.99,5.99
1046,1106,2025-05-30,cancel,5.99,-5.99
1047,1109,2025-09-25,signup,5.99,5.99
1048,1111,2024-08-10,signup,5.99,5.99
1049,1111,2024-10-09,cancel,5.99,-5.99
1050,1112,2025-01-17,signup,5.99,5.99
1051,1113,2025-01-24,signup,5.99,5.99
1052,1114,2024-09-09,signup,5.99,5.99
1053,1115,2025-04-10,signup,5.99,5.99
1054,1116,2025-02-22,signup,5.99,5.99
1055,1118,2025-06-20,signup,5.99,5.99
1056,1118,2025-10-18,cancel,5.99,-5.99
1057,1119,2025-08-18,signup,5.99,5.99
1058,1120,2024-07-08,signup,5.99,5.99
1059,1120,2025-05-04,cancel,5.99,-5.99
1060,1121,2025-02-08,signup,5.99,5.99
1061,1121,2025-11-05,cancel,5.99,-5.99
1062,1122,2024-08-23,signup,5.99,5.99
1063,1123,2025-05-25,signup,5.99,5.99
1064,1123,2025-11-21,cancel,5.99,-5.99
1065,1124,2024-04-03,signup,5.99,5.99
1066,1124,2025-10-25,cancel,5.99,-5.99
1067,1125,2024-12-31,signup,5.99,5.99
1068,1125,2025-03-31,cancel,5.99,-5.99
1069,1129,2025-01-15,signup,5.99,5.99
1070,1131,2025-01-29,signup,5.99,5.99
1071,1131,2025-12-25,cancel,5.99,-5.99
1072,1132,2024-05-16,signup,5.99,5.99
1073,1132,2024-09-13,cancel,5.99,-5.99
1074,1133,2024-07-18,signup,5.99,5.99
1075,1134,2025-01-26,signup,5.99,5.99
1076,1135,2024-10-27,signup,5.99,5.99
1077,1136,2024-08-15,signup,5.99,5.99
1078,1136,2024-12-13,cancel,5.99,-5.99
1079,1137,2025-06-22,signup,5.99,5.99
1080,1140,2024-07-14,signup,5.99,5.99
1081,1140,2025-03-11,cancel,5.99,-5.99
1082,1142,2024-03-19,signup,5.99,5.99
1083,1143,2024-08-06,signup,5.99,5.99
1084,1145,2025-01-02,signup,5.99,5.99
1085,1145,2025-07-31,cancel,5.99,-5.99
1086,1146,2024-09-13,signup,5.99,5.99
1087,1146,2025-10-08,cancel,5.99,-5.99
1088,1147,2024-04-24,signup,5.99,5.99
1089,1147,2024-07-23,cancel,5.99,-5.99
1090,1148,2024-08-28,signup,5.99,5.99
1091,1149,2024-09-05,signup,5.99,5.99
1092,1150,2024-12-25,signup,5.99,5.99
1093,1151,2025-01-30,signup,5.99,5.99
1094,1151,2025-03-01,cancel,5.99,-5.99
1095,1152,2024-06-08,signup,5.99,5.99
1096,1152,2025-02-03,cancel,5.99,-5.99
1097,1153,2025-04-04,signup,5.99,5.99
1098,1154,2024-08-21,signup,5.99,5.99
1099,1156,2024-05-18,signup,5.99,5.99
1100,1157,2024-09-18,signup,5.99,5.99
1101,1157,2025-04-16,cancel,5.99,-5.99
1102,1158,2024-08-07,signup,5.99,5.99
1103,1158,2025-04-04,cancel,5.99,-5.99
1104,1161,2024-10-22,signup,5.99,5.99
1105,1162,2024-12-28,signup,5.99,5.99
1106,1163,2025-01-10,signup,5.99,5.99
1107,1163,2025-06-09,cancel,5.99,-5.99
1108,1164,2024-11-17,signup,5.99,5.99
1109,1165,2024-12-28,signup,5.99,5.99
1110,1166,2025-05-07,signup,5.99,5.99
1111,1170,2025-04-14,signup,5.99,5.99
1112,1170,2025-11-10,cancel,5.99,-5.99
1113,1171,2024-10-07,signup,5.99,5.99
1114,1171,2025-07-04,cancel,5.99,-5.99
1115,1172,2024-12-24,signup,5.99,5.99
1116,1172,2025-01-23,cancel,5.99,-5.99
1117,1173,2024-11-18,signup,5.99,5.99
1118,1173,2025-01-17,cancel,5.99,-5.99
1119,1175,2024-10-21,signup,5.99,5.99
1120,1175,2024-11-20,cancel,5.99,-5.99
1121,1176,2025-08-24,signup,5.99,5.99
1122,1177,2024-07-05,signup,5.99,5.99
1123,1178,2024-12-21,signup,5.99,5.99
1124,1179,2025-02-11,signup,5.99,5.99
1125,1179,2025-07-11,cancel,5.99,-5.99
1126,1180,2024-07-02,signup,5.99,5.99
1127,1180,2024-11-29,cancel,5.99,-5.99
1128,1181,2025-09-11,signup,5.99,5.99
1129,1181,2025-10-11,cancel,5.99,-5.99
1130,1183,2024-05-16,signup,5.99,5.99
1131,1183,2025-12-07,cancel,5.99,-5.99
1132,1184,2024-05-13,signup,5.99,5.99
1133,1187,2024-09-07,signup,5.99,5.99
1134,1189,2025-01-09,signup,5.99,5.99
1135,1191,2025-07-27,signup,5.99,5.99
1136,1192,2024-10-28,signup,5.99,5.99
1137,1192,2025-12-22,cancel,5.99,-5.99
1138,1193,2024-11-20,signup,5.99,5.99
1139,1193,2025-05-19,cancel,5.99,-5.99
1140,1194,2024-08-23,signup,5.99,5.99
1141,1195,2024-10-31,signup,5.99,5.99
1142,1196,2025-07-16,signup,5.99,5.99
1143,1197,2025-09-02,signup,5.99,5.99
1144,1199,2025-03-01,signup,5.99,5.99
1145,1199,2025-11-26,cancel,5.99,-5.99
1146,1200,2025-05-23,signup,5.99,5.99
1147,1201,2024-12-25,signup,5.99,5.99
1148,1203,2025-10-23,signup,5.99,5.99
1149,1203,2025-11-22,cancel,5.99,-5.99
1150,1204,2024-10-14,signup,5.99,5.99
1151,1206,2024-11-29,signup,5.99,5.99
1152,1207,2025-03-05,signup,5.99,5.99
1153,1208,2025-05-02,signup,5.99,5.99
1154,1209,2024-03-01,signup,5.99,5.99
1155,1209,2024-10-27,cancel,5.99,-5.99
1156,1210,2024-06-15,signup,5.99,5.99
1157,1210,2024-09-13,cancel,5.99,-5.99
1158,1211,2024-07-22,signup,5.99,5.99
1159,1212,2025-01-27,signup,5.99,5.99
1160,1212,2025-06-26,cancel,5.99,-5.99
1161,1214,2025-05-16,signup,5.99,5.99
1162,1214,2025-09-13,cancel,5.99,-5.99
1163,1219,2024-11-08,signup,5.99,5.99
1164,1221,2025-04-30,signup,5.99,5.99
1165,1221,2025-09-27,cancel,5.99,-5.99
1166,1222,2024-12-21,signup,5.99,5.99
1167,1222,2025-05-20,cancel,5.99,-5.99
1168,1223,2024-12-14,signup,5.99,5.99
1169,1226,2024-09-08,signup,5.99,5.99
1170,1227,2024-05-22,signup,5.99,5.99
1171,1227,2025-06-16,cancel,5.99,-5.99
1172,1228,2024-08-08,signup,5.99,5.99
1173,1229,2024-06-11,signup,5.99,5.99
1174,1230,2025-08-08,signup,5.99,5.99
1175,1233,2024-06-18,signup,5.99,5.99
1176,1233,2024-12-15,cancel,5.99,-5.99
1177,1234,2024-09-10,signup,5.99,5.99
1178,1235,2024-07-05,signup,5.99,5.99
1179,1235,2025-05-01,cancel,5.99,-5.99
1180,1237,2024-10-29,signup,5.99,5.99
1181,1238,2025-10-22,signup,5.99,5.99
1182,1238,2025-11-21,cancel,5.99,-5.99
1183,1239,2024-09-18,signup,5.99,5.99
1184,1240,2024-12-17,signup,5.99,5.99
1185,1240,2025-09-13,cancel,5.99,-5.99
1186,1241,2024-08-14,signup,5.99,5.99
1187,1241,2025-04-11,cancel,5.99,-5.99
1188,1242,2024-09-12,signup,5.99,5.99
1189,1242,2025-09-07,cancel,5.99,-5.99
1190,1244,2025-04-07,signup,5.99,5.99
1191,1244,2025-12-03,cancel,5.99,-5.99
1192,1245,2025-06-24,signup,5.99,5.99
1193,1249,2024-09-13,signup,5.99,5.99
1194,1249,2024-11-12,cancel,5.99,-5.99
1195,1250,2025-02-09,signup,5.99,5.99
1196,1251,2025-01-06,signup,5.99,5.99
1197,1251,2025-02-05,cancel,5.99,-5.99
1198,1253,2024-05-04,signup,5.99,5.99
1199,1255,2024-07-04,signup,5.99,5.99
1200,1256,2024-09-22,signup,5.99,5.99
1201,1256,2024-12-21,cancel,5.99,-5.99
1202,1257,2024-11-14,signup,5.99,5.99
1203,1257,2025-01-13,cancel,5.99,-5.99
1204,1259,2024-04-10,signup,5.99,5.99
1205,1260,2025-04-02,signup,5.99,5.99
1206,1262,2025-01-05,signup,5.99,5.99
1207,1263,2024-06-04,signup,5.99,5.99
1208,1264,2024-11-07,signup,5.99,5.99
1209,1264,2025-06-05,cancel,5.99,-5.99
1210,1266,2025-02-12,signup,5.99,5.99
1211,1269,2025-08-13,signup,5.99,5.99
1212,1270,2025-06-23,signup,5.99,5.99
1213,1270,2025-07-23,cancel,5.99,-5.99
1214,1272,2024-07-09,signup,5.99,5.99
1215,1272,2024-11-06,cancel,5.99,-5.99
1216,1273,2024-06-08,signup,5.99,5.99
1217,1273,2024-08-07,cancel,5.99,-5.99
1218,1274,2025-05-02,signup,5.99,5.99
1219,1274,2025-06-01,cancel,5.99,-5.99
1220,1275,2024-10-02,signup,5.99,5.99
1221,1277,2024-10-20,signup,5.99,5.99
1222,1277,2025-07-17,cancel,5.99,-5.99
1223,1278,2025-01-08,signup,5.99,5.99
1224,1280,2024-12-23,signup,5.99,5.99
1225,1281,2024-11-29,signup,5.99,5.99
1226,1281,2025-10-25,cancel,5.99,-5.99
1227,1282,2024-09-12,signup,5.99,5.99
1228,1285,2025-05-26,signup,5.99,5.99
1229,1286,2024-07-31,signup,5.99,5.99
1230,1287,2024-12-04,signup,5.99,5.99
1231,1288,2024-06-04,signup,5.99,5.99
1232,1288,2024-12-31,cancel,5.99,-5.99
1233,1289,2025-06-03,signup,5.99,5.99
1234,1289,2025-11-30,cancel,5.99,-5.99
1235,1290,2024-02-27,signup,5.99,5.99
1236,1292,2025-06-26,signup,5.99,5.99
1237,1294,2024-08-28,signup,5.99,5.99
1238,1294,2024-12-26,cancel,5.99,-5.99
1239,1295,2025-02-28,signup,5.99,5.99
1240,1295,2025-03-30,cancel,5.99,-5.99
1241,1296,2024-10-30,signup,5.99,5.99
1242,1296,2025-08-26,cancel,5.99,-5.99
1243,1297,2025-01-02,signup,5.99,5.99
1244,1297,2025-04-02,cancel,5.99,-5.99
1245,1298,2024-12-11,signup,5.99,5.99
1246,1300,2025-01-11,signup,5.99,5.99
1247,1301,2024-10-02,signup,5.99,5.99
1248,1301,2025-09-27,cancel,5.99,-5.99
1249,1302,2024-10-21,signup,5.99,5.99
1250,1302,2025-11-15,cancel,5.99,-5.99
1251,1304,2024-08-13,signup,5.99,5.99
1252,1308,2024-06-20,signup,5.99,5.99
1253,1308,2024-07-20,cancel,5.99,-5.99
1254,1310,2024-08-27,signup,5.99,5.99
1255,1311,2024-08-13,signup,5.99,5.99
1256,1311,2025-02-09,cancel,5.99,-5.99
1257,1313,2024-05-23,signup,5.99,5.99
1258,1314,2024-12-18,signup,5.99,5.99
1259,1316,2024-07-15,signup,5.99,5.99
1260,1316,2024-12-12,cancel,5.99,-5.99
1261,1318,2024-06-14,signup,5.99,5.99
1262,1319,2024-03-29,signup,5.99,5.99
1263,1319,2024-06-27,cancel,5.99,-5.99
1264,1320,2024-12-15,signup,5.99,5.99
1265,1321,2024-04-06,signup,5.99,5.99
1266,1324,2024-08-01,signup,5.99,5.99
1267,1324,2025-08-26,cancel,5.99,-5.99
1268,1325,2025-11-28,signup,5.99,5.99
1269,1326,2025-05-02,signup,5.99,5.99
1270,1327,2025-04-17,signup,5.99,5.99
1271,1328,2024-07-07,signup,5.99,5.99
1272,1329,2024-09-20,signup,5.99,5.99
1273,1331,2025-05-21,signup,5.99,5.99
1274,1331,2025-06-20,cancel,5.99,-5.99
1275,1332,2024-05-26,signup,5.99,5.99
1276,1332,2024-12-22,cancel,5.99,-5.99
1277,1333,2024-12-11,signup,5.99,5.99
1278,1333,2025-01-10,cancel,5.99,-5.99
1279,1334,2024-10-12,signup,5.99,5.99
1280,1334,2024-11-11,cancel,5.99,-5.99
1281,1335,2024-05-26,signup,5.99,5.99
1282,1335,2025-10-18,cancel,5.99,-5.99
1283,1336,2025-06-19,signup,5.99,5.99
1284,1337,2024-11-08,signup,5.99,5.99
1285,1338,2024-11-10,signup,5.99,5.99
1286,1339,2025-03-24,signup,5.99,5.99
1287,1341,2024-05-09,signup,5.99,5.99
1288,1341,2025-09-01,cancel,5.99,-5.99
1289,1343,2025-05-23,signup,5.99,5.99
1290,1343,2025-06-22,cancel,5.99,-5.99
1291,1344,2025-02-04,signup,5.99,5.99
1292,1346,2025-01-20,signup,5.99,5.99
1293,1348,2025-05-12,signup,5.99,5.99
1294,1349,2024-07-22,signup,5.99,5.99
1295,1349,2025-05-18,cancel,5.99,-5.99
1296,1350,2024-09-10,signup,5.99,5.99
1297,1350,2025-05-08,cancel,5.99,-5.99
1298,1351,2024-08-17,signup,5.99,5.99
1299,1352,2024-08-02,signup,5.99,5.99
1300,1355,2024-06-01,signup,5.99,5.99
1301,1356,2024-08-24,signup,5.99,5.99
1302,1356,2025-07-20,cancel,5.99,-5.99
1303,1358,2024-02-02,signup,5.99,5.99
1304,1358,2024-03-03,cancel,5.99,-5.99
1305,1359,2025-07-20,signup,5.99,5.99
1306,1360,2024-06-25,signup,5.99,5.99
1307,1361,2024-09-11,signup,5.99,5.99
1308,1362,2024-11-05,signup,5.99,5.99
1309,1362,2025-10-01,cancel,5.99,-5.99
1310,1364,2024-09-20,signup,5.99,5.99
1311,1364,2024-11-19,cancel,5.99,-5.99
1312,1365,2025-04-09,signup,5.99,5.99
1313,1366,2024-12-02,signup,5.99,5.99
1314,1367,2024-06-07,signup,5.99,5.99
1315,1367,2024-12-04,cancel,5.99,-5.99
1316,1368,2024-01-20,signup,5.99,5.99
1317,1368,2024-02-19,cancel,5.99,-5.99
1318,1369,2025-03-13,signup,5.99,5.99
1319,1370,2024-11-22,signup,5.99,5.99
1320,1372,2025-05-05,signup,5.99,5.99
1321,1372,2025-10-02,cancel,5.99,-5.99
1322,1373,2025-09-05,signup,5.99,5.99
1323,1374,2024-06-28,signup,5.99,5.99
1324,1375,2024-07-20,signup,5.99,5.99
1325,1376,2024-04-12,signup,5.99,5.99
1326,1377,2025-04-12,signup,5.99,5.99
1327,1377,2025-08-10,cancel,5.99,-5.99
1328,1378,2025-04-12,signup,5.99,5.99
1329,1379,2025-09-11,signup,5.99,5.99
1330,1382,2024-05-20,signup,5.99,5.99
1331,1382,2025-04-15,cancel,5.99,-5.99
1332,1383,2025-12-02,signup,5.99,5.99
1333,1384,2024-08-08,signup,5.99,5.99
1334,1386,2024-04-24,signup,5.99,5.99
1335,1388,2024-08-27,signup,5.99,5.99
1336,1388,2025-03-25,cancel,5.99,-5.99
1337,1389,2025-08-17,signup,5.99,5.99
1338,1390,2024-10-29,signup,5.99,5.99
1339,1392,2024-07-22,signup,5.99,5.99
1340,1393,2024-05-04,signup,5.99,5.99
1341,1394,2025-01-01,signup,5.99,5.99
1342,1394,2025-08-29,cancel,5.99,-5.99
1343,1395,2024-11-14,signup,5.99,5.99
1344,1396,2024-12-07,signup,5.99,5.99
1345,1399,2024-07-11,signup,5.99,5.99
1346,1400,2025-03-25,signup,5.99,5.99
1347,1400,2025-11-20,cancel,5.99,-5.99
1348,1401,2024-10-31,signup,5.99,5.99
1349,1401,2025-06-28,cancel,5.99,-5.99
1350,1403,2024-10-13,signup,5.99,5.99
1351,1403,2025-04-11,cancel,5.99,-5.99
1352,1404,2024-06-16,signup,5.99,5.99
1353,1404,2025-03-13,cancel,5.99,-5.99
1354,1406,2024-07-17,signup,5.99,5.99
1355,1406,2025-06-12,cancel,5.99,-5.99
1356,1407,2024-09-04,signup,5.99,5.99
1357,1407,2025-12-28,cancel,5.99,-5.99
1358,1408,2025-01-27,signup,5.99,5.99
1359,1408,2025-09-24,cancel,5.99,-5.99
1360,1409,2024-07-13,signup,5.99,5.99
1361,1409,2024-08-12,cancel,5.99,-5.99
1362,1410,2024-11-18,signup,5.99,5.99
1363,1411,2024-07-28,signup,5.99,5.99
1364,1411,2025-03-25,cancel,5.99,-5.99
1365,1413,2024-05-23,signup,5.99,5.99
1366,1415,2024-10-29,signup,5.99,5.99
1367,1416,2024-07-22,signup,5.99,5.99
1368,1418,2025-04-13,signup,5.99,5.99
1369,1420,2024-11-24,signup,5.99,5.99
1370,1421,2024-03-11,signup,5.99,5.99
1371,1422,2025-09-08,signup,5.99,5.99
1372,1424,2024-08-13,signup,5.99,5.99
1373,1426,2024-07-28,signup,5.99,5.99
1374,1427,2024-06-03,signup,5.99,5.99
1375,1428,2024-12-14,signup,5.99,5.99
1376,1429,2024-04-18,signup,5.99,5.99
1377,1430,2024-08-10,signup,5.99,5.99
1378,1433,2025-09-06,signup,5.99,5.99
1379,1434,2024-03-01,signup,5.99,5.99
1380,1434,2024-07-29,cancel,5.99,-5.99
1381,1435,2025-08-19,signup,5.99,5.99
1382,1436,2024-06-18,signup,5.99,5.99
1383,1437,2025-05-24,signup,5.99,5.99
1384,1439,2024-07-18,signup,5.99,5.99
1385,1440,2025-06-07,signup,5.99,5.99
1386,1440,2025-07-07,cancel,5.99,-5.99
1387,1441,2024-07-16,signup,5.99,5.99
1388,1441,2025-06-11,cancel,5.99,-5.99
1389,1442,2025-05-02,signup,5.99,5.99
1390,1442,2025-08-30,cancel,5.99,-5.99
1391,1443,2025-05-21,signup,5.99,5.99
1392,1444,2025-09-25,signup,5.99,5.99
1393,1445,2024-09-28,signup,5.99,5.99
1394,1446,2024-06-18,signup,5.99,5.99
1395,1446,2024-09-16,cancel,5.99,-5.99
1396,1447,2024-12-31,signup,5.99,5.99
1397,1447,2025-12-26,cancel,5.99,-5.99
1398,1449,2024-11-02,signup,5.99,5.99
1399,1450,2024-08-21,signup,5.99,5.99
1400,1452,2024-08-19,signup,5.99,5.99
1401,1452,2025-10-13,cancel,5.99,-5.99
1402,1454,2024-02-06,signup,5.99,5.99
1403,1454,2025-09-28,cancel,5.99,-5.99
1404,1455,2024-07-06,signup,5.99,5.99
1405,1457,2024-06-10,signup,5.99,5.99
1406,1458,2024-08-24,signup,5.99,5.99
1407,1458,2025-10-18,cancel,5.99,-5.99
1408,1459,2024-07-08,signup,5.99,5.99
1409,1460,2025-04-16,signup,5.99,5.99
1410,1462,2025-05-14,signup,5.99,5.99
1411,1463,2025-01-05,signup,5.99,5.99
1412,1465,2024-04-10,signup,5.99,5.99
1413,1466,2024-04-28,signup,5.99,5.99
1414,1467,2025-02-22,signup,5.99,5.99
1415,1468,2024-10-15,signup,5.99,5.99
1416,1469,2025-04-01,signup,5.99,5.99
1417,1471,2025-09-02,signup,5.99,5.99
1418,1472,2024-04-11,signup,5.99,5.99
1419,1472,2024-11-07,cancel,5.99,-5.99
1420,1473,2025-05-01,signup,5.99,5.99
1421,1473,2025-05-31,cancel,5.99,-5.99
1422,1474,2024-05-10,signup,5.99,5.99
1423,1479,2024-12-13,signup,5.99,5.99
1424,1479,2025-01-12,cancel,5.99,-5.99
1425,1480,2024-11-02,signup,5.99,5.99
1426,1481,2024-06-24,signup,5.99,5.99
1427,1481,2024-12-21,cancel,5.99,-5.99
1428,1482,2024-07-09,signup,5.99,5.99
1429,1482,2024-11-06,cancel,5.99,-5.99
1430,1483,2024-08-09,signup,5.99,5.99
1431,1483,2025-03-07,cancel,5.99,-5.99
1432,1485,2024-03-21,signup,5.99,5.99
1433,1487,2024-05-28,signup,5.99,5.99
1434,1487,2025-11-19,cancel,5.99,-5.99
1435,1488,2025-07-28,signup,5.99,5.99
1436,1489,2024-04-09,signup,5.99,5.99
1437,1490,2025-04-02,signup,5.99,5.99
1438,1491,2025-10-25,signup,5.99,5.99
1439,1492,2025-04-13,signup,5.99,5.99
1440,1492,2025-10-10,cancel,5.99,-5.99
1441,1493,2025-01-24,signup,5.99,5.99
1442,1495,2024-07-25,signup,5.99,5.99
1443,1496,2024-06-16,signup,5.99,5.99
1444,1496,2025-02-11,cancel,5.99,-5.99
1445,1498,2024-11-17,signup,5.99,5.99
1446,1498,2024-12-17,cancel,5.99,-5.99
1447,1499,2024-07-21,signup,5.99,5.99
1448,1502,2025-03-20,signup,5.99,5.99
1449,1504,2024-10-29,signup,5.99,5.99
1450,1505,2024-12-14,signup,5.99,5.99
1451,1505,2025-08-11,cancel,5.99,-5.99
1452,1506,2024-05-16,signup,5.99,5.99
1453,1508,2024-06-18,signup,5.99,5.99
1454,1510,2024-10-29,signup,5.99,5.99
1455,1510,2025-06-26,cancel,5.99,-5.99
1456,1511,2024-08-24,signup,5.99,5.99
1457,1511,2024-09-23,cancel,5.99,-5.99
1458,1512,2025-07-25,signup,5.99,5.99
1459,1513,2025-06-04,signup,5.99,5.99
1460,1514,2024-04-11,signup,5.99,5.99
1461,1514,2024-10-08,cancel,5.99,-5.99
1462,1516,2025-04-19,signup,5.99,5.99
1463,1517,2024-04-18,signup,5.99,5.99
1464,1518,2025-09-09,signup,5.99,5.99
1465,1519,2024-11-07,signup,5.99,5.99
1466,1521,2025-03-03,signup,5.99,5.99
1467,1522,2024-12-22,signup,5.99,5.99
1468,1522,2025-11-17,cancel,5.99,-5.99
1469,1523,2025-01-13,signup,5.99,5.99
1470,1524,2024-06-05,signup,5.99,5.99
1471,1524,2024-08-04,cancel,5.99,-5.99
1472,1525,2024-06-04,signup,5.99,5.99
1473,1525,2025-03-31,cancel,5.99,-5.99
1474,1526,2024-08-25,signup,5.99,5.99
1475,1526,2025-08-20,cancel,5.99,-5.99
1476,1528,2024-09-28,signup,5.99,5.99
1477,1531,2024-09-17,signup,5.99,5.99
1478,1531,2025-09-12,cancel,5.99,-5.99
1479,1532,2025-10-17,signup,5.99,5.99
1480,1534,2024-06-24,signup,5.99,5.99
1481,1534,2025-02-19,cancel,5.99,-5.99
1482,1535,2025-04-17,signup,5.99,5.99
1483,1536,2024-11-09,signup,5.99,5.99
1484,1537,2024-06-05,signup,5.99,5.99
1485,1537,2024-09-03,cancel,5.99,-5.99
1486,1539,2024-07-01,signup,5.99,5.99
1487,1540,2024-08-29,signup,5.99,5.99
1488,1541,2025-02-20,signup,5.99,5.99
1489,1542,2025-04-29,signup,5.99,5.99
1490,1543,2025-07-02,signup,5.99,5.99
1491,1543,2025-08-31,cancel,5.99,-5.99
1492,1545,2024-04-11,signup,5.99,5.99
1493,1545,2025-11-02,cancel,5.99,-5.99
1494,1546,2025-04-14,signup,5.99,5.99
1495,1547,2025-05-28,signup,5.99,5.99
1496,1548,2024-12-10,signup,5.99,5.99
1497,1549,2024-09-07,signup,5.99,5.99
1498,1549,2025-07-04,cancel,5.99,-5.99
1499,1552,2024-09-03,signup,5.99,5.99
1500,1553,2024-10-24,signup,5.99,5.99
1501,1554,2024-08-31,signup,5.99,5.99
1502,1557,2024-05-14,signup,5.99,5.99
1503,1557,2025-04-09,cancel,5.99,-5.99
1504,1560,2024-04-21,signup,5.99,5.99
1505,1561,2025-07-12,signup,5.99,5.99
1506,1563,2024-11-29,signup,5.99,5.99
1507,1564,2025-10-21,signup,5.99,5.99
1508,1565,2024-09-20,signup,5.99,5.99
1509,1567,2025-03-05,signup,5.99,5.99
1510,1567,2025-06-03,cancel,5.99,-5.99
1511,1569,2025-05-21,signup,5.99,5.99
1512,1569,2025-07-20,cancel,5.99,-5.99
1513,1570,2025-01-31,signup,5.99,5.99
1514,1570,2025-03-02,cancel,5.99,-5.99
1515,1571,2024-03-11,signup,5.99,5.99
1516,1571,2024-07-09,cancel,5.99,-5.99
1517,1572,2024-06-16,signup,5.99,5.99
1518,1575,2024-12-30,signup,5.99,5.99
1519,1575,2025-11-25,cancel,5.99,-5.99
1520,1576,2024-07-16,signup,5.99,5.99
1521,1580,2025-06-02,signup,5.99,5.99
1522,1580,2025-07-02,cancel,5.99,-5.99
1523,1581,2024-09-09,signup,5.99,5.99
1524,1582,2024-08-11,signup,5.99,5.99
1525,1582,2024-11-09,cancel,5.99,-5.99
1526,1583,2024-06-27,signup,5.99,5.99
1527,1583,2024-07-27,cancel,5.99,-5.99
1528,1584,2025-07-31,signup,5.99,5.99
1529,1585,2024-10-25,signup,5.99,5.99
1530,1587,2024-12-21,signup,5.99,5.99
1531,1588,2024-10-20,signup,5.99,5.99
1532,1589,2025-06-14,signup,5.99,5.99
1533,1593,2024-12-05,signup,5.99,5.99
1534,1595,2025-07-11,signup,5.99,5.99
1535,1596,2024-07-06,signup,5.99,5.99
1536,1596,2024-11-03,cancel,5.99,-5.99
1537,1597,2025-04-02,signup,5.99,5.99
1538,1597,2025-07-31,cancel,5.99,-5.99
1539,1599,2025-11-28,signup,5.99,5.99
1540,1600,2025-07-23,signup,5.99,5.99
1541,1601,2024-11-21,signup,5.99,5.99
1542,1601,2025-07-19,cancel,5.99,-5.99
1543,1603,2025-03-14,signup,5.99,5.99
1544,1603,2025-09-10,cancel,5.99,-5.99
1545,1604,2024-09-05,signup,5.99,5.99
1546,1606,2025-03-14,signup,5.99,5.99
1547,1607,2025-03-12,signup,5.99,5.99
1548,1607,2025-11-07,cancel,5.99,-5.99
1549,1609,2025-02-01,signup,5.99,5.99
1550,1609,2025-08-30,cancel,5.99,-5.99
1551,1610,2024-10-09,signup,5.99,5.99
1552,1610,2024-11-08,cancel,5.99,-5.99
1553,1611,2025-02-07,signup,5.99,5.99
1554,1612,2024-10-13,signup,5.99,5.99
1555,1612,2024-11-12,cancel,5.99,-5.99
1556,1613,2024-03-26,signup,5.99,5.99
1557,1613,2025-08-18,cancel,5.99,-5.99
1558,1614,2024-07-24,signup,5.99,5.99
1559,1615,2025-11-01,signup,5.99,5.99
1560,1617,2024-10-17,signup,5.99,5.99
1561,1619,2025-02-14,signup,5.99,5.99
1562,1622,2024-10-31,signup,5.99,5.99
1563,1623,2024-03-25,signup,5.99,5.99
1564,1623,2024-12-20,cancel,5.99,-5.99
1565,1624,2024-09-01,signup,5.99,5.99
1566,1624,2025-03-30,cancel,5.99,-5.99
1567,1625,2024-10-19,signup,5.99,5.99
1568,1627,2025-05-03,signup,5.99,5.99
1569,1628,2024-12-20,signup,5.99,5.99
1570,1631,2025-08-07,signup,5.99,5.99
1571,1631,2025-11-05,cancel,5.99,-5.99
1572,1632,2024-09-04,signup,5.99,5.99
1573,1635,2025-06-27,signup,5.99,5.99
1574,1635,2025-10-25,cancel,5.99,-5.99
1575,1638,2025-03-17,signup,5.99,5.99
1576,1638,2025-09-13,cancel,5.99,-5.99
1577,1639,2024-08-24,signup,5.99,5.99
1578,1640,2025-07-03,signup,5.99,5.99
1579,1641,2024-06-11,signup,5.99,5.99
1580,1641,2024-08-10,cancel,5.99,-5.99
1581,1642,2025-02-10,signup,5.99,5.99
1582,1643,2025-03-13,signup,5.99,5.99
1583,1643,2025-11-08,cancel,5.99,-5.99
1584,1644,2024-05-09,signup,5.99,5.99
1585,1650,2024-12-27,signup,5.99,5.99
1586,1651,2024-04-06,signup,5.99,5.99
1587,1652,2024-03-27,signup,5.99,5.99
1588,1655,2025-01-07,signup,5.99,5.99
1589,1656,2024-12-14,signup,5.99,5.99
1590,1657,2024-10-04,signup,5.99,5.99
1591,1657,2025-01-02,cancel,5.99,-5.99
1592,1658,2024-04-26,signup,5.99,5.99
1593,1659,2024-09-05,signup,5.99,5.99
1594,1661,2025-01-28,signup,5.99,5.99
1595,1662,2024-10-28,signup,5.99,5.99
1596,1663,2024-05-04,signup,5.99,5.99
1597,1663,2024-08-02,cancel,5.99,-5.99
1598,1664,2025-10-25,signup,5.99,5.99
1599,1666,2024-12-17,signup,5.99,5.99
1600,1666,2025-01-16,cancel,5.99,-5.99
1601,1667,2025-12-02,signup,5.99,5.99
1602,1668,2024-11-13,signup,5.99,5.99
1603,1668,2025-11-08,cancel,5.99,-5.99
1604,1670,2025-02-11,signup,5.99,5.99
1605,1672,2025-05-05,signup,5.99,5.99
1606,1673,2024-09-05,signup,5.99,5.99
1607,1674,2024-12-30,signup,5.99,5.99
1608,1674,2025-03-30,cancel,5.99,-5.99
1609,1675,2024-07-25,signup,5.99,5.99
1610,1676,2024-10-29,signup,5.99,5.99
1611,1677,2025-01-24,signup,5.99,5.99
1612,1677,2025-06-23,cancel,5.99,-5.99
1613,1679,2024-08-02,signup,5.99,5.99
1614,1679,2025-08-27,cancel,5.99,-5.99
1615,1680,2025-07-21,signup,5.99,5.99
1616,1681,2024-10-17,signup,5.99,5.99
1617,1681,2024-11-16,cancel,5.99,-5.99
1618,1682,2024-10-31,signup,5.99,5.99
1619,1682,2025-07-28,cancel,5.99,-5.99
1620,1683,2024-09-11,signup,5.99,5.99
1621,1684,2024-07-24,signup,5.99,5.99
1622,1684,2025-01-20,cancel,5.99,-5.99
1623,1688,2025-10-30,signup,5.99,5.99
1624,1689,2024-11-21,signup,5.99,5.99
1625,1690,2025-05-18,signup,5.99,5.99
1626,1690,2025-10-15,cancel,5.99,-5.99
1627,1691,2024-07-31,signup,5.99,5.99
1628,1691,2024-08-30,cancel,5.99,-5.99
1629,1692,2024-10-21,signup,5.99,5.99
1630,1692,2025-01-19,cancel,5.99,-5.99
1631,1693,2025-09-01,signup,5.99,5.99
1632,1694,2024-05-07,signup,5.99,5.99
1633,1697,2025-07-12,signup,5.99,5.99
1634,1699,2025-04-09,signup,5.99,5.99
1635,1702,2025-07-26,signup,5.99,5.99
1636,1703,2024-04-29,signup,5.99,5.99
1637,1705,2024-11-27,signup,5.99,5.99
1638,1706,2024-08-09,signup,5.99,5.99
1639,1707,2024-08-09,signup,5.99,5.99
1640,1709,2024-12-13,signup,5.99,5.99
1641,1709,2025-11-08,cancel,5.99,-5.99
1642,1710,2024-08-09,signup,5.99,5.99
1643,1711,2025-02-04,signup,5.99,5.99
1644,1711,2025-09-02,cancel,5.99,-5.99
1645,1712,2024-04-13,signup,5.99,5.99
1646,1713,2024-09-19,signup,5.99,5.99
1647,1715,2024-09-12,signup,5.99,5.99
1648,1716,2024-12-08,signup,5.99,5.99
1649,1716,2025-01-07,cancel,5.99,-5.99
1650,1717,2024-12-20,signup,5.99,5.99
1651,1717,2025-07-18,cancel,5.99,-5.99
1652,1720,2024-06-01,signup,5.99,5.99
1653,1721,2024-10-08,signup,5.99,5.99
1654,1722,2025-01-26,signup,5.99,5.99
1655,1722,2025-05-26,cancel,5.99,-5.99
1656,1726,2024-09-20,signup,5.99,5.99
1657,1727,2024-08-21,signup,5.99,5.99
1658,1729,2024-05-10,signup,5.99,5.99
1659,1729,2025-01-05,cancel,5.99,-5.99
1660,1731,2024-10-26,signup,5.99,5.99
1661,1733,2024-09-09,signup,5.99,5.99
1662,1733,2025-10-04,cancel,5.99,-5.99
1663,1735,2025-03-14,signup,5.99,5.99
1664,1735,2025-05-13,cancel,5.99,-5.99
1665,1736,2025-01-05,signup,5.99,5.99
1666,1739,2024-06-20,signup,5.99,5.99
1667,1739,2024-08-19,cancel,5.99,-5.99
1668,1740,2024-05-05,signup,5.99,5.99
1669,1742,2024-05-07,signup,5.99,5.99
1670,1742,2025-09-29,cancel,5.99,-5.99
1671,1743,2025-07-05,signup,5.99,5.99
1672,1744,2024-05-21,signup,5.99,5.99
1673,1744,2024-07-20,cancel,5.99,-5.99
1674,1746,2025-01-11,signup,5.99,5.99
1675,1747,2025-07-10,signup,5.99,5.99
1676,1747,2025-10-08,cancel,5.99,-5.99
1677,1749,2024-04-25,signup,5.99,5.99
1678,1749,2025-11-16,cancel,5.99,-5.99
1679,1751,2024-09-06,signup,5.99,5.99
1680,1752,2025-01-27,signup,5.99,5.99
1681,1754,2025-01-29,signup,5.99,5.99
1682,1755,2024-09-10,signup,5.99,5.99
1683,1756,2025-01-02,signup,5.99,5.99
1684,1757,2024-09-09,signup,5.99,5.99
1685,1757,2024-10-09,cancel,5.99,-5.99
1686,1759,2024-06-01,signup,5.99,5.99
1687,1759,2024-08-30,cancel,5.99,-5.99
1688,1761,2025-10-30,signup,5.99,5.99
1689,1764,2024-11-03,signup,5.99,5.99
1690,1765,2024-08-17,signup,5.99,5.99
1691,1766,2024-12-04,signup,5.99,5.99
1692,1766,2025-04-03,cancel,5.99,-5.99
1693,1767,2024-10-29,signup,5.99,5.99
1694,1768,2024-08-30,signup,5.99,5.99
1695,1768,2024-12-28,cancel,5.99,-5.99
1696,1769,2025-02-02,signup,5.99,5.99
1697,1770,2025-01-18,signup,5.99,5.99
1698,1771,2025-10-26,signup,5.99,5.99
1699,1772,2024-09-25,signup,5.99,5.99
1700,1772,2025-03-24,cancel,5.99,-5.99
1701,1774,2025-09-06,signup,5.99,5.99
1702,1775,2025-03-22,signup,5.99,5.99
1703,1776,2024-08-25,signup,5.99,5.99
1704,1777,2024-10-25,signup,5.99,5.99
1705,1778,2024-09-23,signup,5.99,5.99
1706,1778,2025-05-21,cancel,5.99,-5.99
1707,1779,2024-07-31,signup,5.99,5.99
1708,1780,2025-02-22,signup,5.99,5.99
1709,1783,2024-12-29,signup,5.99,5.99
1710,1786,2024-02-27,signup,5.99,5.99
1711,1787,2024-12-07,signup,5.99,5.99
1712,1787,2025-06-05,cancel,5.99,-5.99
1713,1789,2024-10-10,signup,5.99,5.99
1714,1790,2024-08-08,signup,5.99,5.99
1715,1790,2025-02-04,cancel,5.99,-5.99
1716,1792,2025-11-11,signup,5.99,5.99
1717,1793,2024-09-16,signup,5.99,5.99
1718,1795,2025-03-10,signup,5.99,5.99
1719,1796,2024-09-01,signup,5.99,5.99
1720,1796,2025-06-28,cancel,5.99,-5.99
1721,1797,2025-03-09,signup,5.99,5.99
1722,1798,2025-02-12,signup,5.99,5.99
1723,1798,2025-03-14,cancel,5.99,-5.99
1724,1799,2025-05-28,signup,5.99,5.99
1725,1800,2024-10-03,signup,5.99,5.99
1726,1802,2024-12-31,signup,5.99,5.99
1727,1803,2025-07-03,signup,5.99,5.99
1728,1804,2024-07-20,signup,5.99,5.99
1729,1804,2025-02-15,cancel,5.99,-5.99
1730,1805,2024-09-01,signup,5.99,5.99
1731,1805,2025-01-29,cancel,5.99,-5.99
1732,1806,2025-02-15,signup,5.99,5.99
1733,1807,2024-08-13,signup,5.99,5.99
1734,1810,2024-09-21,signup,5.99,5.99
1735,1811,2024-06-19,signup,5.99,5.99
1736,1812,2025-08-10,signup,5.99,5.99
1737,1814,2024-05-19,signup,5.99,5.99
1738,1814,2025-01-14,cancel,5.99,-5.99
1739,1815,2025-01-07,signup,5.99,5.99
1740,1815,2025-07-06,cancel,5.99,-5.99
1741,1816,2025-09-27,signup,5.99,5.99
1742,1817,2024-07-05,signup,5.99,5.99
1743,1818,2024-12-27,signup,5.99,5.99
1744,1819,2024-09-23,signup,5.99,5.99
1745,1821,2025-03-26,signup,5.99,5.99
1746,1821,2025-11-21,cancel,5.99,-5.99
1747,1822,2024-04-02,signup,5.99,5.99
1748,1822,2025-01-27,cancel,5.99,-5.99
1749,1823,2024-09-18,signup,5.99,5.99
1750,1824,2024-12-05,signup,5.99,5.99
1751,1824,2025-06-03,cancel,5.99,-5.99
1752,1825,2024-06-03,signup,5.99,5.99
1753,1825,2024-10-01,cancel,5.99,-5.99
1754,1826,2025-01-04,signup,5.99,5.99
1755,1830,2025-01-02,signup,5.99,5.99
1756,1830,2025-05-02,cancel,5.99,-5.99
1757,1831,2025-06-28,signup,5.99,5.99
1758,1831,2025-12-25,cancel,5.99,-5.99
1759,1833,2025-05-04,signup,5.99,5.99
1760,1834,2024-11-17,signup,5.99,5.99
1761,1835,2025-04-10,signup,5.99,5.99
1762,1835,2025-12-06,cancel,5.99,-5.99
1763,1839,2024-04-22,signup,5.99,5.99
1764,1839,2024-11-18,cancel,5.99,-5.99
1765,1840,2025-01-09,signup,5.99,5.99
1766,1840,2025-06-08,cancel,5.99,-5.99
1767,1842,2025-06-15,signup,5.99,5.99
1768,1843,2024-05-05,signup,5.99,5.99
1769,1843,2025-11-26,cancel,5.99,-5.99
1770,1844,2024-06-06,signup,5.99,5.99
1771,1847,2025-04-24,signup,5.99,5.99
1772,1848,2024-03-20,signup,5.99,5.99
1773,1848,2025-04-14,cancel,5.99,-5.99
1774,1849,2024-03-26,signup,5.99,5.99
1775,1850,2025-01-03,signup,5.99,5.99
1776,1850,2025-07-02,cancel,5.99,-5.99
1777,1851,2025-05-27,signup,5.99,5.99
1778,1852,2025-07-28,signup,5.99,5.99
1779,1853,2025-01-06,signup,5.99,5.99
1780,1853,2025-06-05,cancel,5.99,-5.99
1781,1854,2024-03-30,signup,5.99,5.99
1782,1854,2025-04-24,cancel,5.99,-5.99
1783,1855,2024-06-08,signup,5.99,5.99
1784,1856,2025-03-18,signup,5.99,5.99
1785,1857,2024-11-24,signup,5.99,5.99
1786,1857,2024-12-24,cancel,5.99,-5.99
1787,1859,2025-04-11,signup,5.99,5.99
1788,1862,2025-05-08,signup,5.99,5.99
1789,1864,2024-05-17,signup,5.99,5.99
1790,1864,2024-11-13,cancel,5.99,-5.99
1791,1865,2024-11-04,signup,5.99,5.99
1792,1867,2024-12-05,signup,5.99,5.99
1793,1870,2024-09-16,signup,5.99,5.99
1794,1871,2025-01-14,signup,5.99,5.99
1795,1872,2024-10-20,signup,5.99,5.99
1796,1872,2024-12-19,cancel,5.99,-5.99
1797,1874,2024-10-17,signup,5.99,5.99
1798,1875,2025-03-27,signup,5.99,5.99
1799,1876,2024-07-13,signup,5.99,5.99
1800,1878,2024-11-06,signup,5.99,5.99
1801,1878,2025-03-06,cancel,5.99,-5.99
1802,1879,2025-01-07,signup,5.99,5.99
1803,1879,2025-10-04,cancel,5.99,-5.99
1804,1880,2025-03-25,signup,5.99,5.99
1805,1880,2025-06-23,cancel,5.99,-5.99
1806,1882,2024-03-26,signup,5.99,5.99
1807,1887,2025-02-03,signup,5.99,5.99
1808,1888,2024-06-18,signup,5.99,5.99
1809,1888,2025-02-13,cancel,5.99,-5.99
1810,1889,2025-03-09,signup,5.99,5.99
1811,1890,2025-02-23,signup,5.99,5.99
1812,1890,2025-07-23,cancel,5.99,-5.99
1813,1891,2024-07-01,signup,5.99,5.99
1814,1893,2024-09-20,signup,5.99,5.99
1815,1896,2024-04-03,signup,5.99,5.99
1816,1897,2024-09-25,signup,5.99,5.99
1817,1897,2025-05-23,cancel,5.99,-5.99
1818,1898,2025-06-17,signup,5.99,5.99
1819,1899,2024-12-24,signup,5.99,5.99
1820,1900,2025-09-27,signup,5.99,5.99
1821,1901,2025-05-23,signup,5.99,5.99
1822,1902,2024-12-12,signup,5.99,5.99
1823,1902,2025-10-08,cancel,5.99,-5.99
1824,1904,2024-08-07,signup,5.99,5.99
1825,1905,2024-11-22,signup,5.99,5.99
1826,1905,2025-02-20,cancel,5.99,-5.99
1827,1906,2024-01-30,signup,5.99,5.99
1828,1906,2025-07-23,cancel,5.99,-5.99
1829,1907,2024-10-15,signup,5.99,5.99
1830,1907,2025-02-12,cancel,5.99,-5.99
1831,1908,2024-11-12,signup,5.99,5.99
1832,1908,2025-08-09,cancel,5.99,-5.99
1833,1909,2025-04-21,signup,5.99,5.99
1834,1910,2024-11-14,signup,5.99,5.99
1835,1910,2025-11-09,cancel,5.99,-5.99
1836,1911,2025-08-26,signup,5.99,5.99
1837,1913,2024-08-08,signup,5.99,5.99
1838,1914,2025-02-18,signup,5.99,5.99
1839,1915,2025-03-16,signup,5.99,5.99
1840,1916,2025-03-17,signup,5.99,5.99
1841,1917,2024-12-22,signup,5.99,5.99
1842,1917,2025-04-21,cancel,5.99,-5.99
1843,1918,2025-06-07,signup,5.99,5.99
1844,1921,2024-04-22,signup,5.99,5.99
1845,1921,2025-12-13,cancel,5.99,-5.99
1846,1922,2024-04-16,signup,5.99,5.99
1847,1922,2024-07-15,cancel,5.99,-5.99
1848,1923,2025-06-16,signup,5.99,5.99
1849,1924,2024-12-26,signup,5.99,5.99
1850,1927,2024-05-21,signup,5.99,5.99
1851,1928,2024-11-22,signup,5.99,5.99
1852,1928,2024-12-22,cancel,5.99,-5.99
1853,1930,2024-07-20,signup,5.99,5.99
1854,1931,2024-04-19,signup,5.99,5.99
1855,1931,2025-03-15,cancel,5.99,-5.99
1856,1932,2024-10-28,signup,5.99,5.99
1857,1933,2025-01-23,signup,5.99,5.99
1858,1933,2025-08-21,cancel,5.99,-5.99
1859,1934,2024-12-17,signup,5.99,5.99
1860,1934,2025-01-16,cancel,5.99,-5.99
1861,1935,2025-04-04,signup,5.99,5.99
1862,1936,2025-06-25,signup,5.99,5.99
1863,1936,2025-12-22,cancel,5.99,-5.99
1864,1937,2025-06-20,signup,5.99,5.99
1865,1939,2024-10-19,signup,5.99,5.99
1866,1939,2025-12-13,cancel,5.99,-5.99
1867,1940,2024-12-26,signup,5.99,5.99
1868,1941,2024-10-28,signup,5.99,5.99
1869,1941,2024-11-27,cancel,5.99,-5.99
1870,1942,2024-09-30,signup,5.99,5.99
1871,1943,2024-04-12,signup,5.99,5.99
1872,1944,2025-08-20,signup,5.99,5.99
1873,1944,2025-12-18,cancel,5.99,-5.99
1874,1945,2024-08-15,signup,5.99,5.99
1875,1946,2024-12-12,signup,5.99,5.99
1876,1947,2024-10-03,signup,5.99,5.99
1877,1947,2025-10-28,cancel,5.99,-5.99
1878,1948,2025-03-17,signup,5.99,5.99
1879,1949,2024-10-15,signup,5.99,5.99
1880,1951,2024-06-04,signup,5.99,5.99
1881,1953,2025-01-31,signup,5.99,5.99
1882,1954,2024-06-28,signup,5.99,5.99
1883,1954,2025-02-23,cancel,5.99,-5.99
1884,1958,2024-05-30,signup,5.99,5.99
1885,1959,2024-09-07,signup,5.99,5.99
1886,1959,2025-11-01,cancel,5.99,-5.99
1887,1961,2025-02-18,signup,5.99,5.99
1888,1962,2025-01-25,signup,5.99,5.99
1889,1962,2025-04-25,cancel,5.99,-5.99
1890,1966,2025-06-17,signup,5.99,5.99
1891,1968,2024-09-19,signup,5.99,5.99
1892,1968,2024-10-19,cancel,5.99,-5.99
1893,1969,2024-12-19,signup,5.99,5.99
1894,1969,2025-09-15,cancel,5.99,-5.99
1895,1970,2025-08-04,signup,5.99,5.99
1896,1971,2024-11-08,signup,5.99,5.99
1897,1971,2025-02-06,cancel,5.99,-5.99
1898,1973,2024-08-07,signup,5.99,5.99
1899,1973,2024-09-06,cancel,5.99,-5.99
1900,1974,2025-06-25,signup,5.99,5.99
1901,1975,2025-05-10,signup,5.99,5.99
1902,1977,2025-05-25,signup,5.99,5.99
1903,1979,2024-07-30,signup,5.99,5.99
1904,1979,2024-11-27,cancel,5.99,-5.99
1905,1980,2024-09-16,signup,5.99,5.99
1906,1981,2024-12-06,signup,5.99,5.99
1907,1983,2024-04-09,signup,5.99,5.99
1908,1983,2025-10-01,cancel,5.99,-5.99
1909,1985,2024-09-12,signup,5.99,5.99
1910,1986,2025-02-28,signup,5.99,5.99
1911,1987,2024-08-22,signup,5.99,5.99
1912,1987,2025-02-18,cancel,5.99,-5.99
1913,1988,2025-04-30,signup,5.99,5.99
1914,1989,2024-11-22,signup,5.99,5.99
1915,1990,2024-02-03,signup,5.99,5.99
1916,1991,2025-05-03,signup,5.99,5.99
1917,1991,2025-06-02,cancel,5.99,-5.99
1918,1992,2025-06-08,signup,5.99,5.99
1919,1993,2025-01-15,signup,5.99,5.99
1920,1994,2024-07-21,signup,5.99,5.99
1921,1994,2025-12-13,cancel,5.99,-5.99
1922,1997,2025-01-28,signup,5.99,5.99
1923,1997,2025-08-26,cancel,5.99,-5.99
1924,1998,2024-12-02,signup,5.99,5.99
1925,2000,2024-06-02,signup,5.99,5.99
