snapshot_hour_utc,game_id,name,is_game,rank,viewers_top100,channels_top100,share_top1,v_short,v_day,c_short,flags,score,components,steam_appid
2026-10-08T06,66082,Games + Demos,False,5,54827,98,0.9193,2.4120944992477584,1.5577571103770271,-0.010152371464017962,,7.136,channel_growth_day=+0.09;channel_growth_short=-0.02;rank_climb=+0.68;viewer_growth_day=+1.56;viewer_growth_short=+4.82,
2026-10-08T06,26936,Music,False,15,15781,96,0.7236,1.5135000169470825,1.8044497520853842,0.0,,6.279,channel_growth_day=+0.01;channel_growth_short=+0.00;rank_climb=+1.44;viewer_growth_day=+1.80;viewer_growth_short=+3.03,
2026-10-08T06,11743,RULE of ROSE,True,94,1595,1,1.0,,,,ENTRY IGNITION:bawkbasoup,3.25,entry_day=+0.75;entry_short=+1.50;ignition=+1.00,
2026-10-08T06,1922084485,Greed & Darkness,True,74,2102,1,1.0,,,,ENTRY IGNITION:maxim,3.25,entry_day=+0.75;entry_short=+1.50;ignition=+1.00,3538070
2026-10-08T06,328366052,Stranded With You,True,77,1965,1,1.0,,,,ENTRY IGNITION:sumomo_x,3.25,entry_day=+0.75;entry_short=+1.50;ignition=+1.00,4260270
2026-10-08T06,492934,RESIDENT EVIL 7 biohazard,True,56,2764,43,0.8582,,,,ENTRY IGNITION:penta,3.25,entry_day=+0.75;entry_short=+1.50;ignition=+1.00,418370
2026-10-08T06,2137554534,Dwarf Eats Mountain,True,64,2288,1,1.0,,,,ENTRY IGNITION:shinjifromjapanxd,3.25,entry_day=+0.75;entry_short=+1.50;ignition=+1.00,4078200
2026-10-08T06,401435181,Delivery,True,54,2898,1,1.0,,,,ENTRY IGNITION:vargskelethor,3.25,entry_day=+0.75;entry_short=+1.50;ignition=+1.00,
2026-10-08T06,1840896223,REANIMAL,True,61,2534,16,0.8287,,,,ENTRY IGNITION:heyyouvideogame,3.25,entry_day=+0.75;entry_short=+1.50;ignition=+1.00,2129530
2026-10-08T06,1960720223,SILENT HILL: townfall,True,35,6794,92,0.1905,0.27762584906777477,0.6621346966642472,-0.02150620522096362,IGNITION:pattymeza,2.603,channel_growth_day=-0.06;channel_growth_short=-0.03;ignition=+1.00;rank_climb=+0.48;viewer_growth_day=+0.66;viewer_growth_short=+0.56,1636440
2026-10-08T06,1820378900,Resident Evil 4,True,91,1622,80,0.2947,,,,ENTRY,2.267,entry_day=+0.75;entry_short=+1.50;steam_growth=+0.02,2050650
2026-10-08T06,11456,Super Mario Strikers,True,87,1754,2,0.9977,,,,ENTRY,2.25,entry_day=+0.75;entry_short=+1.50,
2026-10-08T06,1152239118,March of Giants,True,55,2812,15,0.532,,,,ENTRY,2.25,entry_day=+0.75;entry_short=+1.50,1924600
2026-10-08T06,1435206302,Slay the Spire II,True,88,1706,50,0.3406,,,,ENTRY,2.25,entry_day=+0.75;entry_short=+1.50;steam_growth=+0.00,2868840
2026-10-08T06,600069925,The Plant Shop,True,86,1768,4,0.9604,,,,ENTRY,2.25,entry_day=+0.75;entry_short=+1.50,4140530
2026-10-08T06,489170,DARK SOULS II: Scholar of the First Sin,True,95,1563,32,0.3788,,,,ENTRY,2.25,entry_day=+0.75;entry_short=+1.50,335300
2026-10-08T06,1317379021,Look Outside,True,85,1778,11,0.5793,,,,ENTRY,2.25,entry_day=+0.75;entry_short=+1.50,3373660
2026-10-08T06,513143,Teamfight Tactics,True,40,5326,97,0.3928,,-0.15661531888026792,,ENTRY IGNITION:greentea,2.191,channel_growth_day=+0.05;entry_short=+1.50;ignition=+1.00;rank_climb=-0.20;viewer_growth_day=-0.16,
2026-10-08T06,27546,World of Tanks,True,49,3256,67,0.5267,-0.24813575346912167,0.1659936687691838,0.030305349495328843,"IGNITION:dakillzor,dezgamez",2.133,channel_growth_day=-0.02;channel_growth_short=+0.05;ignition=+2.00;rank_climb=+0.44;viewer_growth_day=+0.17;viewer_growth_short=-0.50,1407200
2026-10-08T06,511399,Super Mario Maker 2,True,82,1841,10,0.8555,,0.13780839280661808,,ENTRY,1.966,channel_growth_day=-0.07;entry_short=+1.50;rank_climb=+0.40;viewer_growth_day=+0.14,
2026-10-08T06,404069058,ACE COMBAT 8: WINGS OF THEVE,True,93,1611,99,0.2017,,0.2845832165477147,,ENTRY,1.527,channel_growth_day=+0.03;entry_short=+1.50;rank_climb=-0.24;steam_growth=-0.05;viewer_growth_day=+0.28,2288340
2026-10-08T06,624536948,EA Sports FC 26,True,83,1776,97,0.4786,,0.002254792387089083,,ENTRY,1.49,channel_growth_day=+0.04;entry_short=+1.50;rank_climb=-0.04;steam_growth=-0.01;viewer_growth_day=+0.00,3405690
2026-10-08T06,401587136,Arena Breakout: Infinite,True,47,3825,100,0.3482,-0.02223462849487792,0.553101106914229,0.02020270731751947,,1.419,channel_growth_day=+0.05;channel_growth_short=+0.03;rank_climb=+0.84;steam_growth=-0.01;viewer_growth_day=+0.55;viewer_growth_short=-0.04,2073620
2026-10-08T06,602040818,NBA 2K27,True,33,6255,98,0.1886,0.07397270490847895,0.21975202686630596,0.05236798551731594,IGNITION:joeknowsyt,1.366,channel_growth_day=+0.04;channel_growth_short=+0.08;ignition=+1.00;rank_climb=-0.12;viewer_growth_day=+0.22;viewer_growth_short=+0.15,4356430
2026-10-08T06,223869970,"Warhammer 40,000: Space Marine II",True,90,1647,87,0.2835,,-0.06465235800945683,,ENTRY,1.349,channel_growth_day=+0.05;entry_short=+1.50;rank_climb=-0.16;steam_growth=+0.02;viewer_growth_day=-0.06,2183900
2026-10-08T06,498592,I'm Only Sleeping,True,31,7287,100,0.0965,0.4703055823355001,0.2094461072701384,0.010050335853501506,,1.285,channel_growth_day=+0.00;channel_growth_short=+0.02;rank_climb=+0.12;viewer_growth_day=+0.21;viewer_growth_short=+0.94,
2026-10-08T06,1826300051,Mario Kart World,True,37,6055,12,0.9874,0.2214933859232519,,-0.6931471805599453,ENTRY IGNITION:batora324,1.153,channel_growth_short=-1.04;entry_day=+0.75;ignition=+1.00;viewer_growth_short=+0.44,
2026-10-08T06,514930,SONG OF HORROR,True,59,2613,3,0.9962,-0.3553729102848694,,0.0,ENTRY IGNITION:dansgaming,1.039,channel_growth_short=+0.00;entry_day=+0.75;ignition=+1.00;viewer_growth_short=-0.71,1096570
2026-10-08T06,743893402,WARDOGS,True,24,8557,99,0.2425,-0.22731853317999218,0.21291209361487368,0.05182506786458595,IGNITION:coconutb,1.002,channel_growth_day=+0.00;channel_growth_short=+0.08;ignition=+1.00;rank_climb=+0.20;steam_growth=-0.03;viewer_growth_day=+0.21;viewer_growth_short=-0.45,1867240
2026-10-08T06,115977,The Witcher 3: Wild Hunt,True,38,5436,100,0.3146,0.4766481719644041,-0.011704595949527987,0.03045920748470844,,0.997,channel_growth_day=+0.04;channel_growth_short=+0.05;steam_growth=-0.03;viewer_growth_day=-0.01;viewer_growth_short=+0.95,292030
2026-10-08T06,509672,IRL,False,9,28826,100,0.1362,0.12228562920788585,0.5093581194727679,0.0,,0.945,channel_growth_day=+0.03;channel_growth_short=+0.00;rank_climb=+0.16;viewer_growth_day=+0.51;viewer_growth_short=+0.24,
2026-10-08T06,491931,Escape from Tarkov,True,23,10463,95,0.3988,-0.03834545244993236,-0.05539935169431268,0.0,IGNITION:bobito217,0.872,channel_growth_day=-0.03;channel_growth_short=+0.00;ignition=+1.00;rank_climb=+0.04;steam_growth=-0.01;viewer_growth_day=-0.06;viewer_growth_short=-0.08,3932890
2026-10-08T06,499973,Always On,False,13,18286,100,0.3095,0.17723770612718664,0.27604708010973655,0.0,,0.791,channel_growth_day=+0.00;channel_growth_short=+0.00;rank_climb=+0.16;viewer_growth_day=+0.28;viewer_growth_short=+0.35,
2026-10-08T06,511224,Apex Legends,True,22,8593,99,0.1445,-0.32188615022264516,0.21048112894183874,0.010152371464017908,IGNITION:ssssshaoooo,0.773,channel_growth_day=-0.01;channel_growth_short=+0.02;ignition=+1.00;rank_climb=+0.20;steam_growth=-0.00;viewer_growth_day=+0.21;viewer_growth_short=-0.64,1172470
2026-10-08T06,493112,NBA 2K17,True,81,1848,28,0.395,,-0.21401106775093717,,ENTRY,0.723,channel_growth_day=-0.12;entry_short=+1.50;rank_climb=-0.44;viewer_growth_day=-0.21,385760
2026-10-08T06,23020,ROBLOX,True,18,13379,98,0.8045,0.45491510573565147,-0.07194339394897323,-0.010152371464017962,,0.71,channel_growth_day=+0.01;channel_growth_short=-0.02;rank_climb=-0.12;viewer_growth_day=-0.07;viewer_growth_short=+0.91,
2026-10-08T06,27471,Minecraft,True,1,116357,100,0.428,-0.19012326171016294,0.8520272642448203,0.010050335853501506,,0.63,channel_growth_day=+0.02;channel_growth_short=+0.02;rank_climb=+0.12;viewer_growth_day=+0.85;viewer_growth_short=-0.38,
2026-10-08T06,66170,Warframe,True,63,2245,100,0.1644,-0.6756225801970384,0.48300538155491574,0.02020270731751947,,0.616,channel_growth_day=+0.00;channel_growth_short=+0.03;rank_climb=+1.44;steam_growth=+0.01;viewer_growth_day=+0.48;viewer_growth_short=-1.35,230410
2026-10-08T06,1338428218,CONTROL Resonant,True,58,2599,99,0.2466,-0.01640945044078039,0.14419653944302452,-0.01005033585350145,,0.609,channel_growth_day=-0.01;channel_growth_short=-0.02;rank_climb=+0.52;viewer_growth_day=+0.14;viewer_growth_short=-0.03,3669870
2026-10-08T06,272263131,"Animals, Aquariums, and Zoos",False,45,4164,100,0.2596,-0.190334516010791,-0.004313450253719354,0.0,IGNITION:alveussanctuary,0.575,channel_growth_day=+0.00;channel_growth_short=+0.00;ignition=+1.00;rank_climb=-0.04;viewer_growth_day=-0.00;viewer_growth_short=-0.38,
2026-10-08T06,1264310518,Marvel Rivals,True,16,11413,97,0.115,-0.17465475240174724,0.3922348689962249,-0.030459207484708574,,0.387,channel_growth_day=+0.02;channel_growth_short=-0.05;rank_climb=+0.36;steam_growth=+0.01;viewer_growth_day=+0.39;viewer_growth_short=-0.35,2767030
2026-10-08T06,24241,FINAL FANTASY XIV ONLINE,True,60,2351,100,0.1097,-0.1033593653934322,0.09684261667837088,0.03045920748470844,,0.206,channel_growth_day=+0.03;channel_growth_short=+0.05;rank_climb=+0.24;viewer_growth_day=+0.10;viewer_growth_short=-0.21,262341
2026-10-08T06,29452,Virtual Casino,True,30,7762,21,0.1922,-0.19888887425127233,0.22211341988136832,-0.1743533871447778,,-0.039,channel_growth_day=+0.16;channel_growth_short=-0.26;rank_climb=+0.24;viewer_growth_day=+0.22;viewer_growth_short=-0.40,
2026-10-08T06,386821,Black Desert,True,53,2986,94,0.0794,-0.17103912676633634,0.0856118817963498,-0.05182506786458602,,-0.045,channel_growth_day=-0.03;channel_growth_short=-0.08;rank_climb=+0.32;viewer_growth_day=+0.09;viewer_growth_short=-0.34,582660
2026-10-08T06,490292,DARK SOULS III,True,100,1410,35,0.8305,,-0.3992995680646825,,ENTRY,-0.058,channel_growth_day=-0.12;entry_short=+1.50;rank_climb=-1.04;viewer_growth_day=-0.40,374320
2026-10-08T06,1663723394,Gears of War: E-Day,True,26,5822,98,0.1285,-0.040890697072581986,-0.05057163247200588,0.0,,-0.101,channel_growth_day=+0.03;channel_growth_short=+0.00;viewer_growth_day=-0.05;viewer_growth_short=-0.08,3010850
2026-10-08T06,1282866981,Delta Force,True,72,2001,100,0.1309,-0.18514947184497824,-0.0158654790446132,0.010050335853501506,,-0.25,channel_growth_day=+0.00;channel_growth_short=+0.02;rank_climb=+0.12;steam_growth=+0.00;viewer_growth_day=-0.02;viewer_growth_short=-0.37,2507950
2026-10-08T06,509660,Art,False,28,6183,92,0.3244,-0.3315851960554872,0.22687036434521307,0.044451762570833796,,-0.272,channel_growth_day=-0.06;channel_growth_short=+0.07;rank_climb=+0.16;viewer_growth_day=+0.23;viewer_growth_short=-0.66,
2026-10-08T06,1267582829,Aniimo,True,46,2790,93,0.1864,-0.16088677388340333,-0.08219093621182595,-0.02127739844728485,,-0.359,channel_growth_day=-0.05;channel_growth_short=-0.03;rank_climb=+0.16;steam_growth=-0.03;viewer_growth_day=-0.08;viewer_growth_short=-0.32,4126040
2026-10-08T06,2132205352,Deadlock,True,11,19546,100,0.4378,-0.21597579797004476,-0.06184572968731331,0.02020270731751947,,-0.361,channel_growth_day=+0.00;channel_growth_short=+0.03;rank_climb=+0.04;steam_growth=+0.06;viewer_growth_day=-0.06;viewer_growth_short=-0.43,1422450
2026-10-08T06,27284,Retro,False,42,4565,97,0.06,-0.12484094686267927,-0.13100904660332702,0.031416196233378914,,-0.382,channel_growth_day=+0.03;channel_growth_short=+0.05;rank_climb=-0.08;viewer_growth_day=-0.13;viewer_growth_short=-0.25,
2026-10-08T06,459931,Old School RuneScape,True,51,3120,100,0.2561,-0.7336614354255175,0.2745211947381226,0.0408219945202552,,-0.469,channel_growth_day=+0.02;channel_growth_short=+0.06;rank_climb=+0.64;viewer_growth_day=+0.27;viewer_growth_short=-1.47,1343370
2026-10-08T06,670138298,Madden NFL 27,True,71,1809,100,0.2548,-0.5071705274887303,0.132820913020924,0.010050335853501506,,-0.484,channel_growth_day=+0.06;channel_growth_short=+0.02;rank_climb=+0.32;viewer_growth_day=+0.13;viewer_growth_short=-1.01,3940610
2026-10-08T06,30921,Rocket League,True,43,3578,91,0.232,-1.0461120645922417,0.2931001146641403,-0.032435275753153844,IGNITION:kaydop,-0.493,channel_growth_day=-0.06;channel_growth_short=-0.05;ignition=+1.00;rank_climb=+0.40;steam_growth=+0.01;viewer_growth_day=+0.29;viewer_growth_short=-2.09,252950
2026-10-08T06,493959,Red Dead Redemption II,True,50,3139,97,0.4342,0.13048683525493862,-0.461525613176745,0.020834086902842053,,-0.505,channel_growth_day=-0.01;channel_growth_short=+0.03;rank_climb=-0.32;steam_growth=-0.01;viewer_growth_day=-0.46;viewer_growth_short=+0.26,1174180
2026-10-08T06,19619,Tibia,True,29,7838,100,0.2942,-0.6507317806438315,-0.19272906284284938,0.0,IGNITION:japabigodin,-0.519,channel_growth_day=+0.02;channel_growth_short=+0.00;ignition=+1.00;rank_climb=-0.04;viewer_growth_day=-0.19;viewer_growth_short=-1.30,
2026-10-08T06,493551,Conan Exiles,True,39,5403,19,0.2909,0.050095846851836226,-0.011958563999774437,-0.2744368457017603,,-0.529,channel_growth_day=-0.21;channel_growth_short=-0.41;viewer_growth_day=-0.01;viewer_growth_short=+0.10,440900
2026-10-08T06,21779,League of Legends,True,6,32050,97,0.0879,-0.457681533221683,0.24626368794467884,-0.01025650016718911,,-0.572,channel_growth_day=-0.01;channel_growth_short=-0.02;rank_climb=+0.12;viewer_growth_day=+0.25;viewer_growth_short=-0.92,
2026-10-08T06,771448419,AION 2,True,4,60338,99,0.2987,-0.36488800020018786,0.0997084488503017,0.020408871631207033,,-0.621,channel_growth_day=+0.03;channel_growth_short=+0.03;rank_climb=-0.04;steam_growth=-0.01;viewer_growth_day=+0.10;viewer_growth_short=-0.73,3393110
2026-10-08T06,32399,Counter-Strike,True,14,16410,96,0.1373,-0.5341707377252937,0.21903864247147134,-0.010362787035546547,,-0.666,channel_growth_day=-0.02;channel_growth_short=-0.02;rank_climb=+0.16;steam_growth=+0.05;viewer_growth_day=+0.22;viewer_growth_short=-1.07,730
2026-10-08T06,509659,ASMR,False,25,9720,98,0.0676,-0.18745240437629831,-0.19679112578215466,0.0,,-0.667,channel_growth_day=-0.02;channel_growth_short=+0.00;rank_climb=-0.08;viewer_growth_day=-0.20;viewer_growth_short=-0.37,
2026-10-08T06,138585,Hearthstone,True,41,5099,55,0.2544,-0.7059110309514777,0.29272845075936943,-0.5776342934381011,IGNITION:xqn_thesad,-0.799,channel_growth_day=-0.01;channel_growth_short=-0.87;ignition=+1.00;rank_climb=+0.20;viewer_growth_day=+0.29;viewer_growth_short=-1.41,
2026-10-08T06,11557,The Legend of Zelda: Ocarina of Time,True,66,2225,45,0.7227,-0.3980972076995552,,-0.5500463369192721,ENTRY,-0.871,channel_growth_short=-0.83;entry_day=+0.75;viewer_growth_short=-0.80,
2026-10-08T06,31339,Project Zomboid,True,75,1943,97,0.1014,-0.4876038795101045,-0.0579872576503494,-0.01025650016718911,,-1.145,channel_growth_day=+0.00;channel_growth_short=-0.02;rank_climb=-0.08;steam_growth=-0.02;viewer_growth_day=-0.06;viewer_growth_short=-0.98,108600
2026-10-08T06,55453844,Street Fighter 6,True,84,1811,93,0.2413,-0.39603369284349244,-0.0932499293331059,0.0,,-1.151,channel_growth_day=+0.04;channel_growth_short=+0.00;rank_climb=-0.32;steam_growth=+0.01;viewer_growth_day=-0.09;viewer_growth_short=-0.79,1364780
2026-10-08T06,902998079,Halloween: The Game,True,79,1762,98,0.1748,-0.3086024563435698,-0.15528510989787006,-0.010152371464017962,,-1.156,channel_growth_day=+0.03;channel_growth_short=-0.02;rank_climb=-0.40;viewer_growth_day=-0.16;viewer_growth_short=-0.62,3219630
2026-10-08T06,512710,Call of Duty: Warzone,True,34,5458,100,0.1143,-0.6026987433751647,0.01105390769033376,0.0408219945202552,,-1.238,channel_growth_day=+0.02;channel_growth_short=+0.06;rank_climb=-0.12;viewer_growth_day=+0.01;viewer_growth_short=-1.21,
2026-10-08T06,1441208453,Once Human,True,52,2925,93,0.2944,-0.2742590521196403,-0.3565381824505543,-0.07257069283483537,,-1.374,channel_growth_day=+0.00;channel_growth_short=-0.11;rank_climb=-0.36;viewer_growth_day=-0.36;viewer_growth_short=-0.55,2139460
2026-10-08T06,515025,Overwatch,True,8,26621,98,0.1512,-0.449040530207418,-0.3616323961565208,-0.010152371464017962,,-1.444,channel_growth_day=+0.00;channel_growth_short=-0.02;rank_climb=-0.12;steam_growth=-0.05;viewer_growth_day=-0.36;viewer_growth_short=-0.90,2357570
2026-10-08T06,1288749557,Dressmaker (2026),False,65,2257,94,0.1396,-0.43385749354846553,-0.2475659651988104,-0.06187540371808753,,-1.444,channel_growth_day=+0.08;channel_growth_short=-0.09;rank_climb=-0.32;viewer_growth_day=-0.25;viewer_growth_short=-0.87,
2026-10-08T06,516575,VALORANT,True,10,14326,99,0.1106,-0.5461027471276059,-0.457995479617339,0.041242958534049,,-1.553,channel_growth_day=+0.02;channel_growth_short=+0.06;rank_climb=-0.08;viewer_growth_day=-0.46;viewer_growth_short=-1.09,
2026-10-08T06,509511,Marbles on Stream,True,89,1653,78,0.0871,-0.4080831742496322,-0.14869115762235935,-0.16507975035944858,,-1.563,channel_growth_day=+0.01;channel_growth_short=-0.25;rank_climb=-0.36;viewer_growth_day=-0.15;viewer_growth_short=-0.82,1170970
2026-10-08T06,123184772,EA Sports FC 27,True,27,8307,100,0.1546,-1.1037353737174278,0.290937636911547,0.02020270731751947,,-1.584,channel_growth_day=+0.05;channel_growth_short=+0.03;rank_climb=+0.24;steam_growth=+0.02;viewer_growth_day=+0.29;viewer_growth_short=-2.21,4080220
2026-10-08T06,32982,Grand Theft Auto V,True,3,73883,100,0.3104,-0.8995219235107615,0.09185257988241778,0.010050335853501506,,-1.644,channel_growth_day=+0.03;channel_growth_short=+0.02;rank_climb=-0.04;steam_growth=+0.06;viewer_growth_day=+0.09;viewer_growth_short=-1.80,271590
2026-10-08T06,512953,ELDEN RING,True,69,2038,100,0.1605,-0.3946115235167535,-0.4084048456490893,0.02020270731751947,,-1.739,channel_growth_day=+0.00;channel_growth_short=+0.03;rank_climb=-0.56;steam_growth=-0.01;viewer_growth_day=-0.41;viewer_growth_short=-0.79,1245620
2026-10-08T06,491487,Dead by Daylight,True,17,8232,95,0.1248,-0.7040207925889465,-0.13597313702999927,-0.05129329438755058,,-1.784,channel_growth_day=+0.02;channel_growth_short=-0.08;rank_climb=-0.12;steam_growth=-0.06;viewer_growth_day=-0.14;viewer_growth_short=-1.41,381210
2026-10-08T06,29595,Dota 2,True,21,11673,97,0.1599,-0.6611580308589164,-0.2464959235688953,-0.030459207484708574,,-1.8,channel_growth_day=-0.01;channel_growth_short=-0.05;rank_climb=-0.20;steam_growth=+0.02;viewer_growth_day=-0.25;viewer_growth_short=-1.32,570
2026-10-08T06,498566,Slots,False,19,13629,78,0.1793,-0.7531285031358685,-0.01745625822882218,-0.23841102344499823,,-1.802,channel_growth_day=+0.04;channel_growth_short=-0.36;rank_climb=+0.04;viewer_growth_day=-0.02;viewer_growth_short=-1.51,
2026-10-08T06,417528,Albion Online,True,68,2165,63,0.2323,-0.739184190630884,-0.00644569450802963,-0.4620354595965587,,-1.93,channel_growth_day=+0.09;channel_growth_short=-0.69;rank_climb=+0.16;viewer_growth_day=-0.01;viewer_growth_short=-1.48,761890
2026-10-08T06,458443,Alien: Isolation,True,96,1562,46,0.3592,-0.5342370062003137,0.08899215246976393,-0.7664784536454949,,-1.936,channel_growth_day=+0.03;channel_growth_short=-1.15;rank_climb=+0.16;viewer_growth_day=+0.09;viewer_growth_short=-1.07,214490
2026-10-08T06,65632,DayZ,True,97,1479,95,0.1346,-0.8953840470548413,-0.02074346709817023,-0.041242958534049134,,-1.954,channel_growth_day=-0.02;channel_growth_short=-0.06;rank_climb=-0.04;steam_growth=-0.02;viewer_growth_day=-0.02;viewer_growth_short=-1.79,221100
2026-10-08T06,474709880,STAR WARS: Galactic Racer,True,20,13522,96,0.233,-0.5091973205418882,-0.5444786606123416,0.021053409197832263,,-1.962,channel_growth_day=-0.03;channel_growth_short=+0.03;rank_climb=-0.40;viewer_growth_day=-0.54;viewer_growth_short=-1.02,4078430
2026-10-08T06,18122,World of Warcraft,True,7,34323,99,0.2294,-1.050151295616739,0.03634282579016507,0.05182506786458595,,-1.986,channel_growth_day=+0.00;channel_growth_short=+0.08;viewer_growth_day=+0.04;viewer_growth_short=-2.10,
2026-10-08T06,19976,MapleStory,True,36,6554,99,0.1752,-0.40373438739108874,-0.6534625209231145,0.0,,-2.061,channel_growth_day=+0.00;channel_growth_short=+0.00;rank_climb=-0.60;viewer_growth_day=-0.65;viewer_growth_short=-0.81,216150
2026-10-08T06,497057,Destiny 2,True,99,1297,99,0.2375,-0.7627566699175209,-0.17107894952243533,0.010152371464017908,,-2.065,channel_growth_day=+0.05;channel_growth_short=+0.02;rank_climb=-0.44;steam_growth=+0.00;viewer_growth_day=-0.17;viewer_growth_short=-1.53,1085660
2026-10-08T06,33214,Fortnite,True,12,10641,96,0.0853,-1.0474887963790946,-0.16149406468551167,0.06453852113757116,,-2.176,channel_growth_day=+0.02;channel_growth_short=+0.10;rank_climb=-0.04;viewer_growth_day=-0.16;viewer_growth_short=-2.09,
2026-10-08T06,509658,Just Chatting,False,2,68416,89,0.1197,-1.005812013790012,0.01714508825018562,-0.11653381625595151,,-2.234,channel_growth_day=-0.02;channel_growth_short=-0.17;rank_climb=-0.04;viewer_growth_day=+0.02;viewer_growth_short=-2.01,
2026-10-08T06,460630,Rainbow Six Siege,True,57,1751,100,0.1119,-1.1297242432802623,-0.07533101441959408,0.010050335853501506,,-2.252,channel_growth_day=+0.00;channel_growth_short=+0.02;rank_climb=+0.08;steam_growth=-0.01;viewer_growth_day=-0.08;viewer_growth_short=-2.26,359550
2026-10-08T06,513181,Genshin Impact,True,67,2030,92,0.2404,-0.4628971571940399,-0.496436886313891,-0.04255961441879589,,-2.261,channel_growth_day=-0.05;channel_growth_short=-0.06;rank_climb=-0.72;viewer_growth_day=-0.50;viewer_growth_short=-0.93,
2026-10-08T06,504463,Tom Clancy's The Division 2,True,78,1936,100,0.3698,-0.5666746407750474,-0.5034638817726359,0.07257069283483537,,-2.362,channel_growth_day=+0.05;channel_growth_short=+0.11;rank_climb=-0.88;viewer_growth_day=-0.50;viewer_growth_short=-1.13,2221490
2026-10-08T06,499634,Crypto,True,70,2140,97,0.2061,-0.7226152428168533,-0.4172335932656715,-0.020408871631207123,,-2.46,channel_growth_day=+0.07;channel_growth_short=-0.03;rank_climb=-0.64;viewer_growth_day=-0.42;viewer_growth_short=-1.45,
2026-10-08T06,509663,Special Events,False,62,2494,62,0.2702,-0.9551412574615109,-0.0389276592986826,-0.4780358009429998,,-2.48,channel_growth_day=+0.15;channel_growth_short=-0.72;rank_climb=+0.04;viewer_growth_day=-0.04;viewer_growth_short=-1.91,
2026-10-08T06,1669431183,DJs,False,44,4370,91,0.2636,-1.076009405640188,-0.3206564209520432,0.0,,-2.808,channel_growth_day=-0.06;channel_growth_short=+0.00;rank_climb=-0.28;viewer_growth_day=-0.32;viewer_growth_short=-2.15,
2026-10-08T06,508455,Valheim,True,48,3228,94,0.1363,-1.402579864691153,0.026684992592271813,-0.041672696400568074,,-2.914,channel_growth_day=-0.05;channel_growth_short=-0.06;steam_growth=-0.03;viewer_growth_day=+0.03;viewer_growth_short=-2.81,892970
2026-10-08T06,2012789438,Call of Duty: Black Ops 7,True,80,1593,94,0.1513,-0.5827520413034515,-0.6468961629091896,-0.06187540371808753,,-3.064,channel_growth_day=-0.04;channel_growth_short=-0.09;rank_climb=-1.12;viewer_growth_day=-0.65;viewer_growth_short=-1.17,3606480
2026-10-08T06,518184,Phasmophobia,True,98,1142,92,0.0771,-1.3755096191953242,-0.005240186663556159,-0.05292240145434255,,-3.149,channel_growth_day=-0.02;channel_growth_short=-0.08;rank_climb=-0.28;steam_growth=-0.01;viewer_growth_day=-0.01;viewer_growth_short=-2.75,739630
2026-10-08T06,518203,Sports,False,92,1598,49,0.2954,-1.469988812232618,,-0.7133498878774648,ENTRY,-3.26,channel_growth_short=-1.07;entry_day=+0.75;viewer_growth_short=-2.94,
2026-10-08T06,499003,VRChat,True,73,2079,93,0.1828,-0.9552524112220766,-0.6516535640473937,-0.04211148535012685,,-3.825,channel_growth_day=-0.05;channel_growth_short=-0.06;rank_climb=-1.12;steam_growth=-0.03;viewer_growth_day=-0.65;viewer_growth_short=-1.91,438100
2026-10-08T06,493057,PUBG: BATTLEGROUNDS,True,76,1810,96,0.1359,-1.0452814444561458,-2.050718025848563,-0.040821994520255166,,-6.472,channel_growth_day=-0.02;channel_growth_short=-0.06;rank_climb=-2.28;steam_growth=+0.03;viewer_growth_day=-2.05;viewer_growth_short=-2.09,578080
2026-10-08T06,464339927,ARC Raiders,True,32,6133,99,0.1021,-1.9467948988219912,-1.9064760475031215,0.010152371464017908,,-6.778,channel_growth_day=+0.02;channel_growth_short=+0.02;rank_climb=-1.04;steam_growth=+0.03;viewer_growth_day=-1.91;viewer_growth_short=-3.89,1808500
